0,24.3152,32.1,0.036,2.70E-09,8.96E+08,167,15
10,24.3152,32.25,0.036,2.70E-09,8.96E+08,167,15
20,24.472,31.96,0.036,2.70E-09,8.96E+08,167,15
30,24.472,31.96,0.036,2.70E-09,8.96E+08,167,15
40,24.3152,31.81,0.036,2.70E-09,8.96E+08,167,15
50,24.64,32.1,0.036,2.70E-09,8.96E+08,167,15
60,24.9536,36.39,0.036,2.70E-09,8.96E+08,167,15
70,25.4464,40.92,0.036,2.70E-09,8.96E+08,167,15
80,25.928,45.75,0.036,2.70E-09,8.96E+08,167,15
90,26.2416,50.77,0.036,2.70E-09,8.96E+08,167,15
100,27.0592,56.38,0.036,2.70E-09,8.96E+08,167,15
110,27.3728,61.8,0.036,2.70E-09,8.96E+08,167,15
120,28.1904,65.04,0.036,2.70E-09,8.96E+08,167,15
130,28.3472,66.61,0.036,2.70E-09,8.96E+08,167,15
140,28.672,67.01,0.036,2.70E-09,8.96E+08,167,15
150,29.3216,66.41,0.036,2.70E-09,8.96E+08,167,15
160,29.4784,65.82,0.036,2.70E-09,8.96E+08,167,15
170,29.9712,65.04,0.036,2.70E-09,8.96E+08,167,15
180,29.8032,63.69,0.036,2.70E-09,8.96E+08,167,15
190,30.296,62.93,0.036,2.70E-09,8.96E+08,167,15
200,30.6208,62.18,0.036,2.70E-09,8.96E+08,167,15
210,30.9456,61.8,0.036,2.70E-09,8.96E+08,167,15
220,31.5952,61.62,0.036,2.70E-09,8.96E+08,167,15
230,31.4384,61.25,0.036,2.70E-09,8.96E+08,167,15
240,32.088,60.88,0.036,2.70E-09,8.96E+08,167,15
250,32.088,60.69,0.036,2.70E-09,8.96E+08,167,15
260,32.088,60.51,0.036,2.70E-09,8.96E+08,167,15
270,32.4128,60.51,0.036,2.70E-09,8.96E+08,167,15
280,32.9056,60.32,0.036,2.70E-09,8.96E+08,167,15
290,33.2416,60.14,0.036,2.70E-09,8.96E+08,167,15
300,33.3984,59.96,0.036,2.70E-09,8.96E+08,167,15
310,33.7344,59.96,0.036,2.70E-09,8.96E+08,167,15
320,33.8912,60.14,0.036,2.70E-09,8.96E+08,167,15
330,34.2272,59.59,0.036,2.70E-09,8.96E+08,167,15
340,34.552,59.96,0.036,2.70E-09,8.96E+08,167,15
350,34.72,60.14,0.036,2.70E-09,8.96E+08,167,15
360,35.0448,60.32,0.036,2.70E-09,8.96E+08,167,15
370,35.3808,60.14,0.036,2.70E-09,8.96E+08,167,15
380,35.2128,59.41,0.036,2.70E-09,8.96E+08,167,15
390,35.8736,59.05,0.036,2.70E-09,8.96E+08,167,15
401,35.8736,59.59,0.036,2.70E-09,8.96E+08,167,15
411,36.3776,59.05,0.036,2.70E-09,8.96E+08,167,15
421,36.0416,59.41,0.036,2.70E-09,8.96E+08,167,15
431,36.5344,59.23,0.036,2.70E-09,8.96E+08,167,15
441,37.0384,59.23,0.036,2.70E-09,8.96E+08,167,15
451,37.0384,59.23,0.036,2.70E-09,8.96E+08,167,15
461,37.2064,58.69,0.036,2.70E-09,8.96E+08,167,15
471,37.3744,59.05,0.036,2.70E-09,8.96E+08,167,15
481,37.7104,59.23,0.036,2.70E-09,8.96E+08,167,15
491,37.8784,58.87,0.036,2.70E-09,8.96E+08,167,15
501,38.0352,58.51,0.036,2.70E-09,8.96E+08,167,15
511,38.2032,58.15,0.036,2.70E-09,8.96E+08,167,15
521,38.3712,58.33,0.036,2.70E-09,8.96E+08,167,15
531,38.7072,58.51,0.036,2.70E-09,8.96E+08,167,15
541,39.0432,58.87,0.036,2.70E-09,8.96E+08,167,15
551,39.2112,58.69,0.036,2.70E-09,8.96E+08,167,15
561,38.8752,58.69,0.036,2.70E-09,8.96E+08,167,15
571,39.3792,58.15,0.036,2.70E-09,8.96E+08,167,15
581,39.7152,57.97,0.036,2.70E-09,8.96E+08,167,15
591,39.8944,58.15,0.036,2.70E-09,8.96E+08,167,15
601,40.0624,58.33,0.036,2.70E-09,8.96E+08,167,15
611,40.3984,58.51,0.036,2.70E-09,8.96E+08,167,15
621,40.5664,58.51,0.036,2.70E-09,8.96E+08,167,15
631,40.0624,58.51,0.036,2.70E-09,8.96E+08,167,15
641,40.9024,58.33,0.036,2.70E-09,8.96E+08,167,15
651,41.0704,57.97,0.036,2.70E-09,8.96E+08,167,15
661,41.4176,57.8,0.036,2.70E-09,8.96E+08,167,15
671,41.5856,57.8,0.036,2.70E-09,8.96E+08,167,15
681,41.4176,57.8,0.036,2.70E-09,8.96E+08,167,15
691,41.4176,57.62,0.036,2.70E-09,8.96E+08,167,15
701,41.9216,57.62,0.036,2.70E-09,8.96E+08,167,15
711,42.1008,57.44,0.036,2.70E-09,8.96E+08,167,15
721,42.2688,57.44,0.036,2.70E-09,8.96E+08,167,15
731,42.4368,58.33,0.036,2.70E-09,8.96E+08,167,15
741,42.2688,57.97,0.036,2.70E-09,8.96E+08,167,15
751,42.4368,57.97,0.036,2.70E-09,8.96E+08,167,15
761,42.616,57.97,0.036,2.70E-09,8.96E+08,167,15
771,42.616,57.8,0.036,2.70E-09,8.96E+08,167,15
781,42.952,57.62,0.036,2.70E-09,8.96E+08,167,15
791,42.952,57.62,0.036,2.70E-09,8.96E+08,167,15
801,43.4672,57.44,0.036,2.70E-09,8.96E+08,167,15
811,43.4672,57.62,0.036,2.70E-09,8.96E+08,167,15
821,43.6464,57.62,0.036,2.70E-09,8.96E+08,167,15
831,43.2992,57.44,0.036,2.70E-09,8.96E+08,167,15
841,43.6464,57.62,0.036,2.70E-09,8.96E+08,167,15
851,44.1616,57.62,0.036,2.70E-09,8.96E+08,167,15
861,44.1616,57.09,0.036,2.70E-09,8.96E+08,167,15
871,43.8144,57.09,0.036,2.70E-09,8.96E+08,167,15
881,44.1616,56.91,0.036,2.70E-09,8.96E+08,167,15
891,44.6768,56.73,0.036,2.70E-09,8.96E+08,167,15
901,44.6768,56.91,0.036,2.70E-09,8.96E+08,167,15
911,44.856,56.91,0.036,2.70E-09,8.96E+08,167,15
921,45.024,57.26,0.036,2.70E-09,8.96E+08,167,15
931,44.856,57.09,0.036,2.70E-09,8.96E+08,167,15
941,45.024,57.09,0.036,2.70E-09,8.96E+08,167,15
951,45.024,57.44,0.036,2.70E-09,8.96E+08,167,15
961,45.3712,57.62,0.036,2.70E-09,8.96E+08,167,15
971,45.3712,57.26,0.036,2.70E-09,8.96E+08,167,15
981,45.3712,57.26,0.036,2.70E-09,8.96E+08,167,15
991,45.5504,57.09,0.036,2.70E-09,8.96E+08,167,15
1002,45.7296,57.09,0.036,2.70E-09,8.96E+08,167,15
1012,45.8976,57.26,0.036,2.70E-09,8.96E+08,167,15
1022,45.8976,57.26,0.036,2.70E-09,8.96E+08,167,15
1032,46.0768,57.09,0.036,2.70E-09,8.96E+08,167,15
1042,46.424,57.09,0.036,2.70E-09,8.96E+08,167,15
1052,46.0768,57.26,0.036,2.70E-09,8.96E+08,167,15
1062,46.424,57.09,0.036,2.70E-09,8.96E+08,167,15
1072,46.2448,57.09,0.036,2.70E-09,8.96E+08,167,15
1082,46.424,57.26,0.036,2.70E-09,8.96E+08,167,15
1092,46.7712,57.26,0.036,2.70E-09,8.96E+08,167,15
1102,46.9504,57.62,0.036,2.70E-09,8.96E+08,167,15
1112,46.9504,57.26,0.036,2.70E-09,8.96E+08,167,15
1122,47.3088,57.26,0.036,2.70E-09,8.96E+08,167,15
1132,47.1296,57.26,0.036,2.70E-09,8.96E+08,167,15
1142,47.1296,57.26,0.036,2.70E-09,8.96E+08,167,15
1152,46.9504,57.44,0.036,2.70E-09,8.96E+08,167,15
1162,47.4768,57.44,0.036,2.70E-09,8.96E+08,167,15
1172,47.4768,57.26,0.036,2.70E-09,8.96E+08,167,15
1182,47.8352,57.26,0.036,2.70E-09,8.96E+08,167,15
1192,47.656,57.62,0.036,2.70E-09,8.96E+08,167,15
1202,47.8352,57.62,0.036,2.70E-09,8.96E+08,167,15
1212,48.0144,57.62,0.036,2.70E-09,8.96E+08,167,15
1222,47.8352,57.62,0.036,2.70E-09,8.96E+08,167,15
1232,47.8352,56.38,0.036,2.70E-09,8.96E+08,167,15
1242,48.3728,56.73,0.036,2.70E-09,8.96E+08,167,15
1252,48.5408,56.56,0.036,2.70E-09,8.96E+08,167,15
1262,48.1936,57.09,0.036,2.70E-09,8.96E+08,167,15
1272,48.3728,56.91,0.036,2.70E-09,8.96E+08,167,15
1282,48.5408,56.91,0.036,2.70E-09,8.96E+08,167,15
1292,48.72,57.09,0.036,2.70E-09,8.96E+08,167,15
1302,48.72,56.91,0.036,2.70E-09,8.96E+08,167,15
1312,48.8992,57.09,0.036,2.70E-09,8.96E+08,167,15
1322,48.8992,56.91,0.036,2.70E-09,8.96E+08,167,15
1332,48.72,57.09,0.036,2.70E-09,8.96E+08,167,15
1342,49.2576,57.26,0.036,2.70E-09,8.96E+08,167,15
1352,49.0784,57.09,0.036,2.70E-09,8.96E+08,167,15
1362,49.2576,57.26,0.036,2.70E-09,8.96E+08,167,15
1372,49.616,57.09,0.036,2.70E-09,8.96E+08,167,15
1382,49.616,57.09,0.036,2.70E-09,8.96E+08,167,15
1392,49.616,57.26,0.036,2.70E-09,8.96E+08,167,15
1402,49.4368,57.26,0.036,2.70E-09,8.96E+08,167,15
1412,49.7952,56.91,0.036,2.70E-09,8.96E+08,167,15
1422,49.9744,57.26,0.036,2.70E-09,8.96E+08,167,15
1432,49.7952,57.09,0.036,2.70E-09,8.96E+08,167,15
1442,49.7952,57.44,0.036,2.70E-09,8.96E+08,167,15
1452,49.9744,57.26,0.036,2.70E-09,8.96E+08,167,15
1462,49.9744,57.09,0.036,2.70E-09,8.96E+08,167,15
1472,50.3328,57.09,0.036,2.70E-09,8.96E+08,167,15
1482,50.1536,57.26,0.036,2.70E-09,8.96E+08,167,15
1492,50.3328,57.44,0.036,2.70E-09,8.96E+08,167,15
1502,50.3328,57.26,0.036,2.70E-09,8.96E+08,167,15
1512,50.5232,57.09,0.036,2.70E-09,8.96E+08,167,15
1522,50.8816,57.26,0.036,2.70E-09,8.96E+08,167,15
1532,50.7024,57.44,0.036,2.70E-09,8.96E+08,167,15
1542,50.7024,57.09,0.036,2.70E-09,8.96E+08,167,15
1552,51.24,56.91,0.036,2.70E-09,8.96E+08,167,15
1562,51.24,57.44,0.036,2.70E-09,8.96E+08,167,15
1572,51.24,57.44,0.036,2.70E-09,8.96E+08,167,15
1582,51.4192,57.44,0.036,2.70E-09,8.96E+08,167,15
1593,51.24,57.44,0.036,2.70E-09,8.96E+08,167,15
1603,51.0608,57.62,0.036,2.70E-09,8.96E+08,167,15
1613,51.4192,57.26,0.036,2.70E-09,8.96E+08,167,15
1623,51.6096,57.26,0.036,2.70E-09,8.96E+08,167,15
1633,51.6096,56.91,0.036,2.70E-09,8.96E+08,167,15
1643,51.6096,56.91,0.036,2.70E-09,8.96E+08,167,15
1653,51.4192,57.09,0.036,2.70E-09,8.96E+08,167,15
1663,51.6096,57.26,0.036,2.70E-09,8.96E+08,167,15
1673,51.4192,57.09,0.036,2.70E-09,8.96E+08,167,15
1683,51.7888,57.62,0.036,2.70E-09,8.96E+08,167,15
1693,51.968,57.09,0.036,2.70E-09,8.96E+08,167,15
1703,51.7888,57.09,0.036,2.70E-09,8.96E+08,167,15
1713,51.968,57.26,0.036,2.70E-09,8.96E+08,167,15
1723,52.3376,57.26,0.036,2.70E-09,8.96E+08,167,15
1733,52.5168,57.44,0.036,2.70E-09,8.96E+08,167,15
1743,52.5168,57.44,0.036,2.70E-09,8.96E+08,167,15
1753,52.3376,57.26,0.036,2.70E-09,8.96E+08,167,15
1763,52.5168,57.26,0.036,2.70E-09,8.96E+08,167,15
1773,52.7072,57.09,0.036,2.70E-09,8.96E+08,167,15
1783,52.7072,57.09,0.036,2.70E-09,8.96E+08,167,15
1793,52.7072,56.91,0.036,2.70E-09,8.96E+08,167,15
1803,52.7072,56.91,0.036,2.70E-09,8.96E+08,167,15
1813,52.7072,56.91,0.036,2.70E-09,8.96E+08,167,15
1823,52.7072,56.91,0.036,2.70E-09,8.96E+08,167,15
1833,52.8864,56.91,0.036,2.70E-09,8.96E+08,167,15
1843,53.0768,57.26,0.036,2.70E-09,8.96E+08,167,15
1853,53.0768,57.26,0.036,2.70E-09,8.96E+08,167,15
1863,53.0768,57.26,0.036,2.70E-09,8.96E+08,167,15
1873,52.8864,57.62,0.036,2.70E-09,8.96E+08,167,15
1883,53.0768,57.44,0.036,2.70E-09,8.96E+08,167,15
1893,53.0768,57.26,0.036,2.70E-09,8.96E+08,167,15
1903,53.4464,56.91,0.036,2.70E-09,8.96E+08,167,15
1913,53.256,56.91,0.036,2.70E-09,8.96E+08,167,15
1923,53.4464,57.09,0.036,2.70E-09,8.96E+08,167,15
1933,53.816,56.73,0.036,2.70E-09,8.96E+08,167,15
1943,53.4464,57.09,0.036,2.70E-09,8.96E+08,167,15
1953,53.6256,57.09,0.036,2.70E-09,8.96E+08,167,15
1963,53.816,56.91,0.036,2.70E-09,8.96E+08,167,15
1973,53.6256,57.09,0.036,2.70E-09,8.96E+08,167,15
1983,53.6256,56.91,0.036,2.70E-09,8.96E+08,167,15
1993,53.816,56.73,0.036,2.70E-09,8.96E+08,167,15
2003,53.9952,56.73,0.036,2.70E-09,8.96E+08,167,15
2013,53.9952,57.09,0.036,2.70E-09,8.96E+08,167,15
2023,53.9952,57.26,0.036,2.70E-09,8.96E+08,167,15
2033,54.1856,57.62,0.036,2.70E-09,8.96E+08,167,15
2043,53.816,57.26,0.036,2.70E-09,8.96E+08,167,15
2053,54.1856,57.44,0.036,2.70E-09,8.96E+08,167,15
2063,54.1856,57.26,0.036,2.70E-09,8.96E+08,167,15
2073,54.1856,57.26,0.036,2.70E-09,8.96E+08,167,15
2083,54.1856,57.26,0.036,2.70E-09,8.96E+08,167,15
2093,54.3648,57.26,0.036,2.70E-09,8.96E+08,167,15
2103,54.3648,57.26,0.036,2.70E-09,8.96E+08,167,15
2113,54.5552,57.09,0.036,2.70E-09,8.96E+08,167,15
2123,54.5552,57.09,0.036,2.70E-09,8.96E+08,167,15
2133,54.3648,56.91,0.036,2.70E-09,8.96E+08,167,15
2143,54.5552,57.26,0.036,2.70E-09,8.96E+08,167,15
2153,54.7456,57.09,0.036,2.70E-09,8.96E+08,167,15
2163,54.9248,57.26,0.036,2.70E-09,8.96E+08,167,15
2173,54.9248,57.44,0.036,2.70E-09,8.96E+08,167,15
2183,54.7456,56.73,0.036,2.70E-09,8.96E+08,167,15
2194,54.5552,56.56,0.036,2.70E-09,8.96E+08,167,15
2204,54.7456,56.73,0.036,2.70E-09,8.96E+08,167,15
2214,54.9248,56.56,0.036,2.70E-09,8.96E+08,167,15
2224,54.7456,57.26,0.036,2.70E-09,8.96E+08,167,15
2234,55.1152,57.44,0.036,2.70E-09,8.96E+08,167,15
2244,54.9248,57.09,0.036,2.70E-09,8.96E+08,167,15
2254,55.1152,57.26,0.036,2.70E-09,8.96E+08,167,15
2264,55.1152,57.62,0.036,2.70E-09,8.96E+08,167,15
2274,55.3056,57.44,0.036,2.70E-09,8.96E+08,167,15
2284,55.496,57.26,0.036,2.70E-09,8.96E+08,167,15
2294,55.1152,57.26,0.036,2.70E-09,8.96E+08,167,15
2304,55.1152,56.91,0.036,2.70E-09,8.96E+08,167,15
2314,55.3056,57.44,0.036,2.70E-09,8.96E+08,167,15
2324,55.1152,57.26,0.036,2.70E-09,8.96E+08,167,15
2334,55.496,57.09,0.036,2.70E-09,8.96E+08,167,15
2344,55.496,56.91,0.036,2.70E-09,8.96E+08,167,15
2354,55.6864,56.91,0.036,2.70E-09,8.96E+08,167,15
2364,55.3056,56.91,0.036,2.70E-09,8.96E+08,167,15
2374,55.496,57.09,0.036,2.70E-09,8.96E+08,167,15
2384,55.496,56.73,0.036,2.70E-09,8.96E+08,167,15
2394,55.6864,56.91,0.036,2.70E-09,8.96E+08,167,15
2404,55.6864,56.73,0.036,2.70E-09,8.96E+08,167,15
2414,55.496,57.44,0.036,2.70E-09,8.96E+08,167,15
2424,56.056,57.26,0.036,2.70E-09,8.96E+08,167,15
2434,55.8656,57.44,0.036,2.70E-09,8.96E+08,167,15
2444,55.8656,57.26,0.036,2.70E-09,8.96E+08,167,15
2454,56.056,57.09,0.036,2.70E-09,8.96E+08,167,15
2464,56.056,56.73,0.036,2.70E-09,8.96E+08,167,15
2474,55.8656,57.09,0.036,2.70E-09,8.96E+08,167,15
2484,55.8656,57.09,0.036,2.70E-09,8.96E+08,167,15
2494,56.056,57.09,0.036,2.70E-09,8.96E+08,167,15
2504,56.056,56.91,0.036,2.70E-09,8.96E+08,167,15
2514,56.056,57.09,0.036,2.70E-09,8.96E+08,167,15
2524,56.2464,57.44,0.036,2.70E-09,8.96E+08,167,15
2534,56.2464,56.91,0.036,2.70E-09,8.96E+08,167,15
2544,56.056,57.26,0.036,2.70E-09,8.96E+08,167,15
2554,56.2464,57.09,0.036,2.70E-09,8.96E+08,167,15
2564,56.056,56.91,0.036,2.70E-09,8.96E+08,167,15
2574,56.2464,56.73,0.036,2.70E-09,8.96E+08,167,15
2584,56.2464,56.73,0.036,2.70E-09,8.96E+08,167,15
2594,56.2464,57.09,0.036,2.70E-09,8.96E+08,167,15
2604,56.2464,56.91,0.036,2.70E-09,8.96E+08,167,15
2614,56.4368,57.09,0.036,2.70E-09,8.96E+08,167,15
2624,56.2464,56.91,0.036,2.70E-09,8.96E+08,167,15
2634,56.4368,57.09,0.036,2.70E-09,8.96E+08,167,15
2644,56.6272,56.73,0.036,2.70E-09,8.96E+08,167,15
2654,56.8176,56.73,0.036,2.70E-09,8.96E+08,167,15
2664,56.4368,56.91,0.036,2.70E-09,8.96E+08,167,15
2674,56.6272,56.91,0.036,2.70E-09,8.96E+08,167,15
2684,56.8176,57.09,0.036,2.70E-09,8.96E+08,167,15
2694,56.6272,57.09,0.036,2.70E-09,8.96E+08,167,15
2704,56.8176,57.09,0.036,2.70E-09,8.96E+08,167,15
2714,56.8176,57.26,0.036,2.70E-09,8.96E+08,167,15
2724,57.008,57.44,0.036,2.70E-09,8.96E+08,167,15
2734,56.6272,57.26,0.036,2.70E-09,8.96E+08,167,15
2744,56.8176,56.73,0.036,2.70E-09,8.96E+08,167,15
2754,56.6272,56.73,0.036,2.70E-09,8.96E+08,167,15
2764,56.8176,57.26,0.036,2.70E-09,8.96E+08,167,15
2774,57.008,57.09,0.036,2.70E-09,8.96E+08,167,15
2784,56.8176,57.09,0.036,2.70E-09,8.96E+08,167,15
2795,56.6272,56.91,0.036,2.70E-09,8.96E+08,167,15
2805,57.008,57.09,0.036,2.70E-09,8.96E+08,167,15
2815,56.8176,57.26,0.036,2.70E-09,8.96E+08,167,15
2825,57.008,57.09,0.036,2.70E-09,8.96E+08,167,15
2835,57.008,57.44,0.036,2.70E-09,8.96E+08,167,15
2845,57.008,57.62,0.036,2.70E-09,8.96E+08,167,15
2855,56.8176,57.62,0.036,2.70E-09,8.96E+08,167,15
2865,57.008,57.44,0.036,2.70E-09,8.96E+08,167,15
2875,57.008,57.62,0.036,2.70E-09,8.96E+08,167,15
2885,57.1984,57.62,0.036,2.70E-09,8.96E+08,167,15
2895,57.3888,57.44,0.036,2.70E-09,8.96E+08,167,15
2905,57.1984,57.97,0.036,2.70E-09,8.96E+08,167,15
2915,57.1984,57.8,0.036,2.70E-09,8.96E+08,167,15
2925,57.1984,57.44,0.036,2.70E-09,8.96E+08,167,15
2935,57.1984,57.26,0.036,2.70E-09,8.96E+08,167,15
2945,57.3888,57.44,0.036,2.70E-09,8.96E+08,167,15
2955,57.5792,57.44,0.036,2.70E-09,8.96E+08,167,15
2965,57.1984,57.09,0.036,2.70E-09,8.96E+08,167,15
2975,57.7696,57.26,0.036,2.70E-09,8.96E+08,167,15
2985,57.1984,56.91,0.036,2.70E-09,8.96E+08,167,15
2995,57.5792,57.09,0.036,2.70E-09,8.96E+08,167,15
3005,57.7696,56.91,0.036,2.70E-09,8.96E+08,167,15
3015,57.5792,56.91,0.036,2.70E-09,8.96E+08,167,15
3025,57.5792,56.91,0.036,2.70E-09,8.96E+08,167,15
3035,57.5792,56.73,0.036,2.70E-09,8.96E+08,167,15
3045,57.3888,56.91,0.036,2.70E-09,8.96E+08,167,15
3055,57.3888,56.91,0.036,2.70E-09,8.96E+08,167,15
3065,57.7696,56.91,0.036,2.70E-09,8.96E+08,167,15
3075,57.9712,57.09,0.036,2.70E-09,8.96E+08,167,15
3085,57.3888,57.09,0.036,2.70E-09,8.96E+08,167,15
3095,57.7696,56.91,0.036,2.70E-09,8.96E+08,167,15
3105,57.7696,56.91,0.036,2.70E-09,8.96E+08,167,15
3115,57.7696,57.26,0.036,2.70E-09,8.96E+08,167,15
3125,57.7696,57.26,0.036,2.70E-09,8.96E+08,167,15
3135,57.9712,56.73,0.036,2.70E-09,8.96E+08,167,15
3145,57.5792,56.73,0.036,2.70E-09,8.96E+08,167,15
3155,57.7696,57.09,0.036,2.70E-09,8.96E+08,167,15
3165,57.9712,56.91,0.036,2.70E-09,8.96E+08,167,15
3175,57.5792,57.44,0.036,2.70E-09,8.96E+08,167,15
3185,57.7696,57.26,0.036,2.70E-09,8.96E+08,167,15
3195,57.9712,57.26,0.036,2.70E-09,8.96E+08,167,15
3205,57.7696,57.26,0.036,2.70E-09,8.96E+08,167,15
3215,57.9712,57.09,0.036,2.70E-09,8.96E+08,167,15
3225,58.1616,56.91,0.036,2.70E-09,8.96E+08,167,15
3235,58.1616,57.26,0.036,2.70E-09,8.96E+08,167,15
3245,57.7696,57.09,0.036,2.70E-09,8.96E+08,167,15
3255,58.352,57.44,0.036,2.70E-09,8.96E+08,167,15
3265,57.9712,57.09,0.036,2.70E-09,8.96E+08,167,15
3275,57.9712,56.91,0.036,2.70E-09,8.96E+08,167,15
3285,57.9712,56.91,0.036,2.70E-09,8.96E+08,167,15
3295,58.1616,56.73,0.036,2.70E-09,8.96E+08,167,15
3305,58.1616,56.73,0.036,2.70E-09,8.96E+08,167,15
3315,57.7696,56.73,0.036,2.70E-09,8.96E+08,167,15
3325,57.9712,57.09,0.036,2.70E-09,8.96E+08,167,15
3335,58.1616,57.09,0.036,2.70E-09,8.96E+08,167,15
3345,57.9712,57.26,0.036,2.70E-09,8.96E+08,167,15
3355,58.1616,57.26,0.036,2.70E-09,8.96E+08,167,15
3365,58.1616,56.91,0.036,2.70E-09,8.96E+08,167,15
3375,58.1616,56.91,0.036,2.70E-09,8.96E+08,167,15
3385,58.352,57.09,0.036,2.70E-09,8.96E+08,167,15
3396,58.1616,57.26,0.036,2.70E-09,8.96E+08,167,15
3406,58.352,57.26,0.036,2.70E-09,8.96E+08,167,15
3416,58.352,56.91,0.036,2.70E-09,8.96E+08,167,15
3426,58.1616,56.73,0.036,2.70E-09,8.96E+08,167,15
3436,58.1616,56.91,0.036,2.70E-09,8.96E+08,167,15
3446,58.5424,57.09,0.036,2.70E-09,8.96E+08,167,15
3456,58.1616,57.26,0.036,2.70E-09,8.96E+08,167,15
3466,58.5424,57.26,0.036,2.70E-09,8.96E+08,167,15
3476,58.352,57.26,0.036,2.70E-09,8.96E+08,167,15
3486,58.7328,57.09,0.036,2.70E-09,8.96E+08,167,15
3496,58.7328,57.09,0.036,2.70E-09,8.96E+08,167,15
3506,58.5424,57.26,0.036,2.70E-09,8.96E+08,167,15
3516,58.9344,57.26,0.036,2.70E-09,8.96E+08,167,15
3526,58.5424,57.26,0.036,2.70E-09,8.96E+08,167,15
3536,58.352,57.09,0.036,2.70E-09,8.96E+08,167,15
3546,58.352,57.26,0.036,2.70E-09,8.96E+08,167,15
3556,58.9344,57.44,0.036,2.70E-09,8.96E+08,167,15
3566,58.352,57.62,0.036,2.70E-09,8.96E+08,167,15
3576,58.7328,57.44,0.036,2.70E-09,8.96E+08,167,15
3586,58.7328,57.62,0.036,2.70E-09,8.96E+08,167,15
3596,58.5424,57.44,0.036,2.70E-09,8.96E+08,167,15
3606,58.7328,57.44,0.036,2.70E-09,8.96E+08,167,15
3616,58.5424,57.44,0.036,2.70E-09,8.96E+08,167,15
3626,58.5424,56.91,0.036,2.70E-09,8.96E+08,167,15
3636,58.5424,56.91,0.036,2.70E-09,8.96E+08,167,15
3646,58.7328,57.26,0.036,2.70E-09,8.96E+08,167,15
3656,58.7328,57.26,0.036,2.70E-09,8.96E+08,167,15
3666,58.5424,57.26,0.036,2.70E-09,8.96E+08,167,15
3676,58.352,57.44,0.036,2.70E-09,8.96E+08,167,15
3686,58.5424,57.44,0.036,2.70E-09,8.96E+08,167,15
3696,58.5424,57.44,0.036,2.70E-09,8.96E+08,167,15
3706,58.5424,57.62,0.036,2.70E-09,8.96E+08,167,15
3716,58.7328,57.26,0.036,2.70E-09,8.96E+08,167,15
3726,58.9344,57.8,0.036,2.70E-09,8.96E+08,167,15
3736,58.9344,57.62,0.036,2.70E-09,8.96E+08,167,15
3746,58.9344,57.8,0.036,2.70E-09,8.96E+08,167,15
3756,58.7328,57.44,0.036,2.70E-09,8.96E+08,167,15
3766,58.5424,57.26,0.036,2.70E-09,8.96E+08,167,15
3776,58.7328,56.91,0.036,2.70E-09,8.96E+08,167,15
3786,58.7328,56.73,0.036,2.70E-09,8.96E+08,167,15
3796,58.5424,57.09,0.036,2.70E-09,8.96E+08,167,15
3806,58.7328,57.09,0.036,2.70E-09,8.96E+08,167,15
3816,58.5424,57.26,0.036,2.70E-09,8.96E+08,167,15
3826,58.9344,57.09,0.036,2.70E-09,8.96E+08,167,15
3836,58.7328,56.91,0.036,2.70E-09,8.96E+08,167,15
3846,58.7328,56.38,0.036,2.70E-09,8.96E+08,167,15
3856,58.9344,56.73,0.036,2.70E-09,8.96E+08,167,15
3866,58.7328,57.44,0.036,2.70E-09,8.96E+08,167,15
3876,59.1248,57.44,0.036,2.70E-09,8.96E+08,167,15
3886,59.1248,57.26,0.036,2.70E-09,8.96E+08,167,15
3896,58.7328,57.44,0.036,2.70E-09,8.96E+08,167,15
3906,59.1248,57.26,0.036,2.70E-09,8.96E+08,167,15
3916,58.7328,57.44,0.036,2.70E-09,8.96E+08,167,15
3926,58.7328,57.8,0.036,2.70E-09,8.96E+08,167,15
3936,59.1248,57.8,0.036,2.70E-09,8.96E+08,167,15
3946,58.9344,57.26,0.036,2.70E-09,8.96E+08,167,15
3956,58.7328,57.09,0.036,2.70E-09,8.96E+08,167,15
3966,58.9344,57.26,0.036,2.70E-09,8.96E+08,167,15
3976,59.1248,56.91,0.036,2.70E-09,8.96E+08,167,15
3986,59.1248,57.97,0.036,2.70E-09,8.96E+08,167,15
3996,59.1248,58.15,0.036,2.70E-09,8.96E+08,167,15
4007,58.9344,57.62,0.036,2.70E-09,8.96E+08,167,15
4017,58.7328,57.26,0.036,2.70E-09,8.96E+08,167,15
4027,58.9344,57.09,0.036,2.70E-09,8.96E+08,167,15
4037,59.1248,57.26,0.036,2.70E-09,8.96E+08,167,15
4047,59.3264,57.26,0.036,2.70E-09,8.96E+08,167,15
4057,59.3264,57.26,0.036,2.70E-09,8.96E+08,167,15
4067,59.1248,56.91,0.036,2.70E-09,8.96E+08,167,15
4077,59.1248,56.38,0.036,2.70E-09,8.96E+08,167,15
4087,59.1248,56.03,0.036,2.70E-09,8.96E+08,167,15
4097,59.1248,56.38,0.036,2.70E-09,8.96E+08,167,15
4107,59.1248,56.73,0.036,2.70E-09,8.96E+08,167,15
4117,59.3264,56.91,0.036,2.70E-09,8.96E+08,167,15
4127,59.3264,57.09,0.036,2.70E-09,8.96E+08,167,15
4137,59.3264,57.09,0.036,2.70E-09,8.96E+08,167,15
4147,59.3264,57.26,0.036,2.70E-09,8.96E+08,167,15
4157,59.3264,56.73,0.036,2.70E-09,8.96E+08,167,15
4167,59.5168,56.91,0.036,2.70E-09,8.96E+08,167,15
4177,59.3264,57.09,0.036,2.70E-09,8.96E+08,167,15
4187,59.1248,56.91,0.036,2.70E-09,8.96E+08,167,15
4197,59.1248,57.09,0.036,2.70E-09,8.96E+08,167,15
4207,59.3264,57.44,0.036,2.70E-09,8.96E+08,167,15
4217,59.1248,57.44,0.036,2.70E-09,8.96E+08,167,15
4227,59.3264,57.62,0.036,2.70E-09,8.96E+08,167,15
4237,59.3264,57.8,0.036,2.70E-09,8.96E+08,167,15
4247,59.7072,58.15,0.036,2.70E-09,8.96E+08,167,15
4257,59.5168,58.15,0.036,2.70E-09,8.96E+08,167,15
4267,59.3264,58.15,0.036,2.70E-09,8.96E+08,167,15
4277,59.1248,57.44,0.036,2.70E-09,8.96E+08,167,15
4287,59.3264,57.26,0.036,2.70E-09,8.96E+08,167,15
4297,59.5168,57.09,0.036,2.70E-09,8.96E+08,167,15
4307,59.5168,57.09,0.036,2.70E-09,8.96E+08,167,15
4317,59.5168,57.26,0.036,2.70E-09,8.96E+08,167,15
4327,59.1248,57.44,0.036,2.70E-09,8.96E+08,167,15
4337,59.5168,57.26,0.036,2.70E-09,8.96E+08,167,15
4347,59.7072,57.09,0.036,2.70E-09,8.96E+08,167,15
4357,59.3264,56.56,0.036,2.70E-09,8.96E+08,167,15
4367,59.3264,56.73,0.036,2.70E-09,8.96E+08,167,15
4377,59.5168,56.56,0.036,2.70E-09,8.96E+08,167,15
4387,59.3264,56.91,0.036,2.70E-09,8.96E+08,167,15
4397,59.3264,57.09,0.036,2.70E-09,8.96E+08,167,15
4407,59.1248,57.44,0.036,2.70E-09,8.96E+08,167,15
4417,59.5168,57.26,0.036,2.70E-09,8.96E+08,167,15
4427,59.5168,57.44,0.036,2.70E-09,8.96E+08,167,15
4437,59.5168,57.44,0.036,2.70E-09,8.96E+08,167,15
4447,59.3264,57.62,0.036,2.70E-09,8.96E+08,167,15
4457,59.5168,57.62,0.036,2.70E-09,8.96E+08,167,15
4467,59.7072,57.44,0.036,2.70E-09,8.96E+08,167,15
4477,59.3264,57.44,0.036,2.70E-09,8.96E+08,167,15
4487,59.5168,57.09,0.036,2.70E-09,8.96E+08,167,15
4497,59.5168,57.26,0.036,2.70E-09,8.96E+08,167,15
4507,59.5168,57.44,0.036,2.70E-09,8.96E+08,167,15
4517,59.3264,57.09,0.036,2.70E-09,8.96E+08,167,15
4527,59.5168,57.44,0.036,2.70E-09,8.96E+08,167,15
4537,59.7072,57.44,0.036,2.70E-09,8.96E+08,167,15
4547,59.5168,57.62,0.036,2.70E-09,8.96E+08,167,15
4557,59.5168,57.44,0.036,2.70E-09,8.96E+08,167,15
4567,59.5168,57.09,0.036,2.70E-09,8.96E+08,167,15
4577,59.7072,56.73,0.036,2.70E-09,8.96E+08,167,15
4587,59.7072,57.09,0.036,2.70E-09,8.96E+08,167,15
4597,59.7072,57.44,0.036,2.70E-09,8.96E+08,167,15
4608,59.5168,57.8,0.036,2.70E-09,8.96E+08,167,15
4618,59.7072,57.62,0.036,2.70E-09,8.96E+08,167,15
4628,59.7072,57.44,0.036,2.70E-09,8.96E+08,167,15
4638,59.7072,57.44,0.036,2.70E-09,8.96E+08,167,15
4648,59.7072,57.09,0.036,2.70E-09,8.96E+08,167,15
4658,59.7072,56.91,0.036,2.70E-09,8.96E+08,167,15
4668,59.5168,56.73,0.036,2.70E-09,8.96E+08,167,15
4678,59.5168,56.91,0.036,2.70E-09,8.96E+08,167,15
4688,59.7072,56.91,0.036,2.70E-09,8.96E+08,167,15
