0,20,20
1,20.05,20.0000895522873
2,20.1,20.0002854485399
3,20.15,20.0006460948215
4,20.2,20.0010746007755
5,20.25,20.0017267181495
6,20.3,20.0030317454384
7,20.35,20.0056123199836
8,20.4,20.0081928945287
9,20.45,20.0107734690739
10,20.5,20.013354043619
11,20.55,20.0159346181642
12,20.6,20.0185151927093
13,20.65,20.0210957672545
14,20.7,20.0236763417996
15,20.75,20.0262569163447
16,20.8,20.0288374908899
17,20.85,20.031418065435
18,20.9,20.0339986399802
19,20.95,20.0365792145253
20,21,20.0391597890705
21,21.05,20.0417403636156
22,21.1,20.0443209381608
23,21.15,20.0476486025038
24,21.2,20.0523381300414
25,21.25,20.057027657579
26,21.3,20.0617171851166
27,21.35,20.0664067126542
28,21.4,20.0710962401918
29,21.45,20.0757857677294
30,21.5,20.0804752952671
31,21.55,20.0851648228047
32,21.6,20.0898543503423
33,21.65,20.0945438778799
34,21.7,20.0992334054175
35,21.75,20.1039229329551
36,21.8,20.1086124604927
37,21.85,20.1133019880303
38,21.9,20.1179915155679
39,21.95,20.1226810431055
40,22,20.1281308232972
41,22.05,20.1348754898143
42,22.1,20.1416201563314
43,22.15,20.1483648228485
44,22.2,20.1551094893656
45,22.25,20.1618541558827
46,22.3,20.1685988223998
47,22.35,20.1753434889169
48,22.4,20.182088155434
49,22.45,20.1888328219511
50,22.5,20.1955774884681
51,22.55,20.2023221549852
52,22.6,20.2090668215023
53,22.65,20.2158114880194
54,22.7,20.2225561545365
55,22.75,20.2293008210536
56,22.8,20.2360454875707
57,22.85,20.2430365767645
58,22.9,20.2504949565289
59,22.95,20.2580611074155
60,23,20.2657350294242
61,23.05,20.273516722555
62,23.1,20.2814061868081
63,23.15,20.2894034221832
64,23.2,20.2975084286805
65,23.25,20.3057212063
66,23.3,20.3140417550416
67,23.35,20.3224700749054
68,23.4,20.3310061658913
69,23.45,20.3396500279994
70,23.5,20.3484016612296
71,23.55,20.3572610655819
72,23.6,20.3662282410565
73,23.65,20.3753031876531
74,23.7,20.384485905372
75,23.75,20.3937763942129
76,23.8,20.4031746541761
77,23.85,20.4126806852613
78,23.9,20.4222944874688
79,23.95,20.4320160607983
80,24,20.4418454052501
81,24.05,20.4517825208239
82,24.1,20.46182740752
83,24.15,20.4719800653381
84,24.2,20.4822404942785
85,24.25,20.492608694341
86,24.3,20.5030846655256
87,24.35,20.5136684078324
88,24.4,20.5243599212613
89,24.45,20.5351592058124
90,24.5,20.5460662614856
91,24.55,20.557081088281
92,24.6,20.5682036861986
93,24.65,20.5794340552383
94,24.7,20.5907721954001
95,24.75,20.6022181066841
96,24.8,20.6137717890902
97,24.85,20.6254332426185
98,24.9,20.637202467269
99,24.95,20.6490794630416
100,25,20.6610642299363
101,25.05,20.6731567679532
102,25.1,20.6853570770923
103,25.15,20.6976651573535
104,25.2,20.7100810087368
105,25.25,20.7226046312423
106,25.3,20.73523602487
107,25.35,20.7479751896198
108,25.4,20.7608221254917
109,25.45,20.7737768324859
110,25.5,20.7868393106021
111,25.55,20.8000095598405
112,25.6,20.8132875802011
113,25.65,20.8266733716838
114,25.7,20.8401669342886
115,25.75,20.8537682680157
116,25.8,20.8674773728648
117,25.85,20.8812942488361
118,25.9,20.8952188959296
119,25.95,20.9090839365539
120,26,20.9228918406344
121,26.05,20.9367971159273
122,26.1,20.9507997624326
123,26.15,20.9648997801502
124,26.2,20.9790971690802
125,26.25,20.9933919292225
126,26.3,21.0077840605772
127,26.35,21.0222735631442
128,26.4,21.0368604369236
129,26.45,21.0515446819153
130,26.5,21.0663262981194
131,26.55,21.0812052855358
132,26.6,21.0961816441646
133,26.65,21.1112553740057
134,26.7,21.1264264750592
135,26.75,21.141694947325
136,26.8,21.1570607908032
137,26.85,21.1725240054937
138,26.9,21.1880845913966
139,26.95,21.2037425485118
140,27,21.2194978768394
141,27.05,21.2353505763793
142,27.1,21.2513006471316
143,27.15,21.2673480890963
144,27.2,21.2834929022732
145,27.25,21.2997350866626
146,27.3,21.3160746422643
147,27.35,21.3325115690783
148,27.4,21.3490458671047
149,27.45,21.3656775363435
150,27.5,21.3824065767945
151,27.55,21.399232988458
152,27.6,21.4161567713338
153,27.65,21.4331779254219
154,27.7,21.4502964507224
155,27.75,21.4675123472353
156,27.8,21.4848256149605
157,27.85,21.502236253898
158,27.9,21.5197442640479
159,27.95,21.5373496454102
160,28,21.5550523979848
161,28.05,21.5728525217718
162,28.1,21.5907500167711
163,28.15,21.6087448829827
164,28.2,21.6268371204067
165,28.25,21.6450267290431
166,28.3,21.6633137088918
167,28.35,21.6816980599529
168,28.4,21.7001797822263
169,28.45,21.7187588757121
170,28.5,21.7374353404102
171,28.55,21.7562091763206
172,28.6,21.7750803834435
173,28.65,21.7940489617786
174,28.7,21.8131149113261
175,28.75,21.832278232086
176,28.8,21.8515389240582
177,28.85,21.8708969872428
178,28.9,21.8903524216397
179,28.95,21.909905227249
180,29,21.9295554040707
181,29.05,21.9490477230812
182,29.1,21.968487337988
183,29.15,21.9880116903773
184,29.2,22.0076207802492
185,29.25,22.0273146076037
186,29.3,22.0470931724407
187,29.35,22.0669564747603
188,29.4,22.0869045145625
189,29.45,22.1069372918472
190,29.5,22.1270548066145
191,29.55,22.1472570588643
192,29.6,22.1675440485968
193,29.65,22.1879157758118
194,29.7,22.2083722405093
195,29.75,22.2289134426894
196,29.8,22.2495393823521
197,29.85,22.2702500594974
198,29.9,22.2910454741252
199,29.95,22.3119256262356
200,30,22.3328905158285
201,30.05,22.353940142904
202,30.1,22.3750745074621
203,30.15,22.3962936095027
204,30.2,22.417597449026
205,30.25,22.4389860260317
206,30.3,22.4604593405201
207,30.35,22.482017392491
208,30.4,22.5036601819444
209,30.45,22.5253877088805
210,30.5,22.5471999732991
211,30.55,22.5690969752002
212,30.6,22.591078714584
213,30.65,22.6131451914503
214,30.7,22.6352964057991
215,30.75,22.6575323576305
216,30.8,22.6798530469445
217,30.85,22.7022584737411
218,30.9,22.7247486380202
219,30.95,22.7473235397819
220,31,22.7699831790261
221,31.05,22.792727555753
222,31.1,22.8155566699623
223,31.15,22.8384705216543
224,31.2,22.8614691108288
225,31.25,22.8845524374859
226,31.3,22.9077205016255
227,31.35,22.9309733032477
228,31.4,22.9543108423525
229,31.45,22.9777331189398
230,31.5,23.0012401330097
231,31.55,23.0248318845622
232,31.6,23.0485083735973
233,31.65,23.0722696001149
234,31.7,23.096115564115
235,31.75,23.1200462655977
236,31.8,23.144061704563
237,31.85,23.1681618810109
238,31.9,23.1923467949413
239,31.95,23.2166164463543
240,32,23.2409708352499
241,32.05,23.265409961628
242,32.1,23.2899338254887
243,32.15,23.3142330009885
244,32.2,23.3385166317444
245,32.25,23.3628722806642
246,32.3,23.3872999477479
247,32.35,23.4117996329954
248,32.4,23.4363713364069
249,32.45,23.4610150579823
250,32.5,23.4857307977215
251,32.55,23.5105185556246
252,32.6,23.5353783316917
253,32.65,23.5603101259226
254,32.7,23.5853139383174
255,32.75,23.6103897688761
256,32.8,23.6355376175987
257,32.85,23.6607574844851
258,32.9,23.6860493695355
259,32.95,23.7114132727497
260,33,23.7368491941279
261,33.05,23.7623571336699
262,33.1,23.7879370913758
263,33.15,23.8135890672456
264,33.2,23.8393130612793
265,33.25,23.8651090734769
266,33.3,23.8909771038384
267,33.35,23.9169171523637
268,33.4,23.942929219053
269,33.45,23.9690133039061
270,33.5,23.9951694069231
271,33.55,24.021397528104
272,33.6,24.0476976674488
273,33.65,24.0740698249575
274,33.7,24.1005140006301
275,33.75,24.1270301944666
276,33.8,24.153618406467
277,33.85,24.1802786366312
278,33.9,24.2070108849593
279,33.95,24.2338151514514
280,34,24.2606914361073
281,34.05,24.2876397389271
282,34.1,24.3146600599108
283,34.15,24.3417523990584
284,34.2,24.3689167563699
285,34.25,24.3961531318452
286,34.3,24.4234615254845
287,34.35,24.4508419372876
288,34.4,24.4782943672546
289,34.45,24.5058188153856
290,34.5,24.5334152816804
291,34.55,24.5610837661391
292,34.6,24.5888242687617
293,34.65,24.6166367895481
294,34.7,24.6445213284985
295,34.75,24.6724778856127
296,34.8,24.7005064608909
297,34.85,24.7286070543329
298,34.9,24.7567796659388
299,34.95,24.7850242957087
300,35,24.8133409436424
301,35.05,24.8417296097399
302,35.1,24.8701902940014
303,35.15,24.8987229964268
304,35.2,24.927327717016
305,35.25,24.9560655873549
306,35.3,24.9848735483575
307,35.35,25.0137447509993
308,35.4,25.0426790081721
309,35.45,25.0716761327675
310,35.5,25.1007359376773
311,35.55,25.1298582357933
312,35.6,25.1590428400072
313,35.65,25.1882895632107
314,35.7,25.2175982182956
315,35.75,25.2469686181536
316,35.8,25.2764005756764
317,35.85,25.3058939037558
318,35.9,25.3354484152835
319,35.95,25.3650639231512
320,36,25.3947402402508
321,36.05,25.4244771794738
322,36.1,25.4542745537121
323,36.15,25.4841321758574
324,36.2,25.5140498588014
325,36.25,25.544027415436
326,36.3,25.5740646586527
327,36.35,25.6041614013433
328,36.4,25.6343174563996
329,36.45,25.6645326367134
330,36.5,25.6948067551763
331,36.55,25.7251396246801
332,36.6,25.7555310581165
333,36.65,25.7859808683773
334,36.7,25.8164888683542
335,36.75,25.8470548709389
336,36.8,25.8776786890232
337,36.85,25.9083601354989
338,36.9,25.9390990232575
339,36.95,25.969895165191
340,37,26.000748374191
341,37.05,26.0316584631492
342,37.1,26.0626252449575
343,37.15,26.0936485325075
344,37.2,26.1247281386909
345,37.25,26.1558638763996
346,37.3,26.1870555585252
347,37.35,26.2183029979595
348,37.4,26.2496060075942
349,37.45,26.280964400321
350,37.5,26.3123779890318
351,37.55,26.3438465866182
352,37.6,26.375370005972
353,37.65,26.4069480599848
354,37.7,26.4385805615485
355,37.75,26.4702673235548
356,37.8,26.5020081588954
357,37.85,26.5338028804621
358,37.9,26.5656513011465
359,37.95,26.5975532338405
360,38,26.6295084914358
361,38.05,26.661516886824
362,38.1,26.693578232897
363,38.15,26.7256923425464
364,38.2,26.7578590286641
365,38.25,26.7900781041417
366,38.3,26.822349381871
367,38.35,26.8546726747438
368,38.4,26.8870477956517
369,38.45,26.9194745574864
370,38.5,26.9519527731399
371,38.55,26.9844822555037
372,38.6,27.0170628174696
373,38.65,27.0496942719293
374,38.7,27.0823764317746
375,38.75,27.1151091098973
376,38.8,27.147892119189
377,38.85,27.1807252725415
378,38.9,27.2136083828465
379,38.95,27.2465412629958
380,39,27.2795237258811
381,39.05,27.3125555843941
382,39.1,27.3456366514267
383,39.15,27.3787667398704
384,39.2,27.4119456626171
385,39.25,27.4451732325585
386,39.3,27.4784492625863
387,39.35,27.5117735655922
388,39.4,27.5451459544681
389,39.45,27.5785662421056
390,39.5,27.6120342413965
391,39.55,27.6455497652325
392,39.6,27.6791126265053
393,39.65,27.7127226381067
394,39.7,27.7463796129285
395,39.75,27.7800833638623
396,39.8,27.8138337037999
397,39.85,27.847630445633
398,39.9,27.8814734022534
399,39.95,27.9153623865529
400,40,27.949297211423
401,40.05,27.9832776897556
402,40.1,28.0173036344425
403,40.15,28.0513748583753
404,40.2,28.0854911744458
405,40.25,28.1196523955458
406,40.3,28.1538583345669
407,40.35,28.1881088044009
408,40.4,28.2224036179395
409,40.45,28.2567425880745
410,40.5,28.2911255276977
411,40.55,28.3255522497007
412,40.6,28.3600225669752
413,40.65,28.3945362924132
414,40.7,28.4290932389061
415,40.75,28.4636932193459
416,40.8,28.4983360466242
417,40.85,28.5330215336328
418,40.9,28.5677494932633
419,40.95,28.6025197384077
420,41,28.6373320819575
421,41.05,28.6721863368045
422,41.1,28.7070823158405
423,41.15,28.7420198319572
424,41.2,28.7769986980463
425,41.25,28.8120187269996
426,41.3,28.8470797317088
427,41.35,28.8821815250657
428,41.4,28.9173239199619
429,41.45,28.9525067292893
430,41.5,28.9877297659395
431,41.55,29.0229928428042
432,41.6,29.0582957727754
433,41.65,29.0936383687445
434,41.7,29.1290204436035
435,41.75,29.1644418102441
436,41.8,29.1999022815579
437,41.85,29.2354016704367
438,41.9,29.2709397897722
439,41.95,29.3065164524563
440,42,29.3421314713806
441,42.05,29.3777846594368
442,42.1,29.4134758295167
443,42.15,29.4492047945121
444,42.2,29.4849713673147
445,42.25,29.5207753608161
446,42.3,29.5566165879082
447,42.35,29.5924948614827
448,42.4,29.6284099944313
449,42.45,29.6643617996458
450,42.5,29.7003500900178
451,42.55,29.7363746784392
452,42.6,29.7724353778017
453,42.65,29.8085320009969
454,42.7,29.8446643609167
455,42.75,29.8808322704528
456,42.8,29.9170355424969
457,42.85,29.9532739899408
458,42.9,29.9895474256761
459,42.95,30.0258556625947
460,43,30.0621985135882
461,43.05,30.0985757915485
462,43.1,30.1349873093672
463,43.15,30.171432879936
464,43.2,30.2079123161468
465,43.25,30.2444254308912
466,43.3,30.280972037061
467,43.35,30.3175519475479
468,43.4,30.3541649752437
469,43.45,30.3908109330401
470,43.5,30.4274896338288
471,43.55,30.4642008905016
472,43.6,30.5009445159502
473,43.65,30.5377203230663
474,43.7,30.5745281247418
475,43.75,30.6113677338682
476,43.8,30.6482389633374
477,43.85,30.6851416260411
478,43.9,30.722075534871
479,43.95,30.7590405027189
480,44,30.7960363424765
481,44.05,30.8330628670356
482,44.1,30.8701198892878
483,44.15,30.9072072221249
484,44.2,30.9443246784387
485,44.25,30.9814720711209
486,44.3,31.0186492130632
487,44.35,31.0558559171574
488,44.4,31.0930919962951
489,44.45,31.1303572633682
490,44.5,31.1676515312684
491,44.55,31.2049746128874
492,44.6,31.2423263211169
493,44.65,31.2797064688488
494,44.7,31.3171148689746
495,44.75,31.3545513343862
496,44.8,31.3920156779753
497,44.85,31.4295077126337
498,44.9,31.467027251253
499,44.95,31.504574106725
500,45,31.5421480919414
501,45.05,31.5797490197941
502,45.1,31.6173767031746
503,45.15,31.6550309549749
504,45.2,31.6927115880865
505,45.25,31.7304184154012
506,45.3,31.7681512498108
507,45.35,31.805909904207
508,45.4,31.8436941914816
509,45.45,31.8815039245262
510,45.5,31.9193389162326
511,45.55,31.9571989794926
512,45.6,31.9950839271979
513,45.65,32.0329935722402
514,45.7,32.0709277275113
515,45.75,32.1088862059028
516,45.8,32.1468688203066
517,45.85,32.1848753836144
518,45.9,32.2229057087179
519,45.95,32.2609596085088
520,46,32.299036895879
521,46.05,32.33713738372
522,46.1,32.3752608849237
523,46.15,32.4134072123818
524,46.2,32.451576178986
525,46.25,32.4897675976281
526,46.3,32.5279812811998
527,46.35,32.5662170425929
528,46.4,32.604474694699
529,46.45,32.64275405041
530,46.5,32.6810549226175
531,46.55,32.7193771242133
532,46.6,32.7577204680891
533,46.65,32.7960847671367
534,46.7,32.8344698342478
535,46.75,32.8728754823141
536,46.8,32.9113015242274
537,46.85,32.9498558246912
538,46.9,32.9889575795591
539,46.95,33.0280901516418
540,47,33.0672534170032
541,47.05,33.1064472517069
542,47.1,33.1456715318168
543,47.15,33.1849261333967
544,47.2,33.2242109325103
545,47.25,33.2635258052215
546,47.3,33.3028706275939
547,47.35,33.3422452756914
548,47.4,33.3816496255778
549,47.45,33.4210835533168
550,47.5,33.4605469349722
551,47.55,33.5000396466078
552,47.6,33.5395615642873
553,47.65,33.5791125640747
554,47.7,33.6186925220335
555,47.75,33.6583013142277
556,47.8,33.6979388167209
557,47.85,33.737604905577
558,47.9,33.7772994568597
559,47.95,33.8170223466329
560,48,33.8567734509603
561,48.05,33.8965526459057
562,48.1,33.9363598075328
563,48.15,33.9761948119054
564,48.2,34.0160575350874
565,48.25,34.0559478531425
566,48.3,34.0958656421344
567,48.35,34.135810778127
568,48.4,34.1757831371841
569,48.45,34.2157825953693
570,48.5,34.2558090287466
571,48.55,34.2958623133796
572,48.6,34.3359423253321
573,48.65,34.376048940668
574,48.7,34.4161820354511
575,48.75,34.456341485745
576,48.8,34.4965271676135
577,48.85,34.5367389571205
578,48.9,34.5769767303298
579,48.95,34.617240363305
580,49,34.65752973211
581,49.05,34.6978447128086
582,49.1,34.7381851814645
583,49.15,34.7785510141416
584,49.2,34.8189420869035
585,49.25,34.8593582758142
586,49.3,34.8997994569372
587,49.35,34.9402655063366
588,49.4,34.9807563000759
589,49.45,35.021271714219
590,49.5,35.0618116248297
591,49.55,35.1023759079718
592,49.6,35.142964439709
593,49.65,35.1835770961051
594,49.7,35.2242137532239
595,49.75,35.2648742871291
596,49.8,35.3055585738846
597,49.85,35.3462664895542
598,49.9,35.3869979102015
599,49.95,35.4277527118904
600,50,35.4685307706847
601,50.05,35.5093319626482
602,50.1,35.5501561638445
603,50.15,35.5910032503376
604,50.2,35.6318730981911
605,50.25,35.6727655834689
606,50.3,35.7136805822348
607,50.35,35.7546179705524
608,50.4,35.7955776244857
609,50.45,35.8365594200983
610,50.5,35.8775632334541
611,50.55,35.9185889406168
612,50.6,35.9596364176502
613,50.65,36.0007055406182
614,50.7,36.0417961855844
615,50.75,36.0829082286126
616,50.8,36.1240415457667
617,50.85,36.1651960131104
618,50.9,36.2063715067074
619,50.95,36.2475679026217
620,51,36.2887850769168
621,51.05,36.3300229056567
622,51.1,36.3712812649052
623,51.15,36.4125600307258
624,51.2,36.4538590791826
625,51.25,36.4951782863392
626,51.3,36.5365175282594
627,51.35,36.577876681007
628,51.4,36.6192556206458
629,51.45,36.6606542232395
630,51.5,36.702072364852
631,51.55,36.743509921547
632,51.6,36.7849667693883
633,51.65,36.8264427844397
634,51.7,36.8679378427649
635,51.75,36.9094518204277
636,51.8,36.950984593492
637,51.85,36.9925360380215
638,51.9,37.0341060300799
639,51.95,37.075694445731
640,52,37.1173011610387
641,52.05,37.1589260520667
642,52.1,37.2005689948788
643,52.15,37.2422298655387
644,52.2,37.2839085401103
645,52.25,37.3256048946573
646,52.3,37.3673188052435
647,52.35,37.4090501479327
648,52.4,37.4507987987887
649,52.45,37.4925646338752
650,52.5,37.534347529256
651,52.55,37.5761473609949
652,52.6,37.6179640051556
653,52.65,37.6597973378021
654,52.7,37.7016472349979
655,52.75,37.743513572807
656,52.8,37.7853962272931
657,52.85,37.8272950745199
658,52.9,37.8692099905513
659,52.95,37.911140851451
660,53,37.9530875332828
661,53.05,37.9950499121105
662,53.1,38.0370278639979
663,53.15,38.0790212650087
664,53.2,38.1210299912067
665,53.25,38.1630539186558
666,53.3,38.2050929234196
667,53.35,38.247146881562
668,53.4,38.2892156691467
669,53.45,38.3312991622375
670,53.5,38.3733972368983
671,53.55,38.4155097691927
672,53.6,38.4576366351846
673,53.65,38.4997777109377
674,53.7,38.5419328725158
675,53.75,38.5841019959827
676,53.8,38.6262849574022
677,53.85,38.6684816328381
678,53.9,38.710691898354
679,53.95,38.7529156300139
680,54,38.7951527038815
681,54.05,38.8374029960205
682,54.1,38.8796663824948
683,54.15,38.9219427393681
684,54.2,38.9642319427042
685,54.25,39.0065338685669
686,54.3,39.04884839302
687,54.35,39.0911753921272
688,54.4,39.1335147419523
689,54.45,39.1758663185591
690,54.5,39.2182299980114
691,54.55,39.260605656373
692,54.6,39.3029931697076
693,54.65,39.345392414079
694,54.7,39.387803265551
695,54.75,39.4302256001874
696,54.8,39.4726592940519
697,54.85,39.5151042232084
698,54.9,39.5575602637205
699,54.95,39.6000272916522
700,55,39.6425051830671
701,55.05,39.6849938140291
702,55.1,39.7274930606019
703,55.15,39.7700027988494
704,55.2,39.8125229048352
705,55.25,39.8550532546231
706,55.3,39.897593724277
707,55.35,39.9401441898607
708,55.4,39.9827045274378
709,55.45,40.0252746130722
710,55.5,40.0680999765703
711,55.55,40.1112321323168
712,55.6,40.1543830186348
713,55.65,40.1975525652957
714,55.7,40.2407407020705
715,55.75,40.2839473587307
716,55.8,40.3271724650474
717,55.85,40.3704159507919
718,55.9,40.4136777457354
719,55.95,40.4569577796491
720,56,40.5002559823044
721,56.05,40.5435722834723
722,56.1,40.5869066129242
723,56.15,40.6302589004313
724,56.2,40.6736290757648
725,56.25,40.717017068696
726,56.3,40.7604228089962
727,56.35,40.8038462264364
728,56.4,40.8472872507881
729,56.45,40.8907458118225
730,56.5,40.9342218393106
731,56.55,40.977715263024
732,56.6,41.0212260127336
733,56.65,41.0647540182109
734,56.7,41.1082992092269
735,56.75,41.1518615155531
736,56.8,41.1954408669605
737,56.85,41.2390371932205
738,56.9,41.2826504241043
739,56.95,41.3262804893831
740,57,41.3699273188282
741,57.05,41.4135908422108
742,57.1,41.4572709893021
743,57.15,41.5009676898734
744,57.2,41.5446808736959
745,57.25,41.5884104705409
746,57.3,41.6321564101796
747,57.35,41.6759186223832
748,57.4,41.719697036923
749,57.45,41.7634915835702
750,57.5,41.8073021920961
751,57.55,41.8511287922718
752,57.6,41.8949713138687
753,57.65,41.938829686658
754,57.7,41.9827038404108
755,57.75,42.0265937048986
756,57.8,42.0704992098924
757,57.85,42.1144202851635
758,57.9,42.1583568604832
759,57.95,42.2023088656227
760,58,42.2462762303533
761,58.05,42.2902588844461
762,58.1,42.3342567576725
763,58.15,42.3782697798036
764,58.2,42.4222978806107
765,58.25,42.4663409898651
766,58.3,42.5103990373379
767,58.35,42.5544719528005
768,58.4,42.598559666024
769,58.45,42.6426621067797
770,58.5,42.6867792048389
771,58.55,42.7309108899727
772,58.6,42.7750570919524
773,58.65,42.8192177405493
774,58.7,42.8633927655346
775,58.75,42.9075820966795
776,58.8,42.9517856637553
777,58.85,42.9960033965332
778,58.9,43.0402352247844
779,58.95,43.0844810782802
780,59,43.1287408867918
781,59.05,43.1730145800906
782,59.1,43.2173020879476
783,59.15,43.2616033401341
784,59.2,43.3059182664215
785,59.25,43.3502467965808
786,59.3,43.3945888603834
787,59.35,43.4389443876006
788,59.4,43.4833133080034
789,59.45,43.5276955513632
790,59.5,43.5720910474513
791,59.55,43.6164997260388
792,59.6,43.660921516897
793,59.65,43.7053563497971
794,59.7,43.7498041545104
795,59.75,43.7942648608081
796,59.8,43.8387383984615
797,59.85,43.8832246972417
798,59.9,43.9277236869201
799,59.95,43.9722352972678
800,60,44.0167594580562
801,60.05,44.0612960990564
802,60.1,44.1058451500397
803,60.15,44.1504065407773
804,60.2,44.1949802010404
805,60.25,44.2395660606004
806,60.3,44.2841640492284
807,60.35,44.3287740966957
808,60.4,44.3733961327735
809,60.45,44.418030087233
810,60.5,44.4626758898456
811,60.55,44.5073334703824
812,60.6,44.5520027586147
813,60.65,44.5966836843136
814,60.7,44.6413761772506
815,60.75,44.6860801671967
816,60.8,44.7307955839233
817,60.85,44.7755223572015
818,60.9,44.8202604168026
819,60.95,44.8650096924979
820,61,44.9097701140586
821,61.05,44.9545416112559
822,61.1,44.999324113861
823,61.15,45.0441175516453
824,61.2,45.0889218543799
825,61.25,45.1337369518361
826,61.3,45.1785627737851
827,61.35,45.2233992499982
828,61.4,45.2682463102465
829,61.45,45.3131038843014
830,61.5,45.3579719019341
831,61.55,45.4028502929158
832,61.6,45.4477389870178
833,61.65,45.4926379140112
834,61.7,45.5375470036674
835,61.75,45.5824661857575
836,61.8,45.6273953900529
837,61.85,45.6723345463247
838,61.9,45.7172835843442
839,61.95,45.7622424338827
840,62,45.8072110247113
841,62.05,45.8521892866013
842,62.1,45.8971771493239
843,62.15,45.9421745426505
844,62.2,45.9871813963521
845,62.25,46.0321976402002
846,62.3,46.0772232039658
847,62.35,46.1222580174202
848,62.4,46.1673020103348
849,62.45,46.2123551124807
850,62.5,46.2574172536291
851,62.55,46.3024883635513
852,62.6,46.3475683720186
853,62.65,46.3926572088021
854,62.7,46.4377548036731
855,62.75,46.4828610864029
856,62.8,46.5279759867627
857,62.85,46.5730994345237
858,62.9,46.6182313594572
859,62.95,46.6633716913344
860,63,46.7085203599266
861,63.05,46.7536772950049
862,63.1,46.7988424263407
863,63.15,46.8440156837051
864,63.2,46.8891969968694
865,63.25,46.9343862956049
866,63.3,46.9795835096827
867,63.35,47.0247885688742
868,63.4,47.0700014029506
869,63.45,47.115221941683
870,63.5,47.1604501148428
871,63.55,47.2056858522011
872,63.6,47.2509290835293
873,63.65,47.2961797385985
874,63.7,47.34143774718
875,63.75,47.3867030390451
876,63.8,47.4319755439649
877,63.85,47.4772551917108
878,63.9,47.5225419120539
879,63.95,47.5678356347654
880,64,47.6131362896167
881,64.05,47.658443806379
882,64.1,47.7037581148235
883,64.15,47.74930932695
884,64.2,47.7949508253065
885,64.25,47.8406042937166
886,64.3,47.8862696928419
887,64.35,47.9319469833438
888,64.4,47.9776361258839
889,64.45,48.0233370811236
890,64.5,48.0690498097245
891,64.55,48.114774272348
892,64.6,48.1605104296556
893,64.65,48.2062582423088
894,64.7,48.2520176709692
895,64.75,48.2977886762982
896,64.8,48.3435712189573
897,64.85,48.389365259608
898,64.9,48.4351707589118
899,64.95,48.4809876775303
900,65,48.5268159761248
901,65.05,48.5726556153569
902,65.1,48.618506555888
903,65.15,48.6643687583798
904,65.2,48.7102421834936
905,65.25,48.756126791891
906,65.3,48.8020225442335
907,65.35,48.8479294011826
908,65.4,48.8938473233997
909,65.45,48.9397762715463
910,65.5,48.985716206284
911,65.55,49.0316670882742
912,65.6,49.0776288781785
913,65.65,49.1236015366583
914,65.7,49.1695850243752
915,65.75,49.2155793019905
916,65.8,49.2615843301659
917,65.85,49.3076000695628
918,65.9,49.3536264808428
919,65.95,49.3996635246672
920,66,49.4457111616976
921,66.05,49.4917693525955
922,66.1,49.5378380580225
923,66.15,49.5839172386399
924,66.2,49.6300068551093
925,66.25,49.6761068680921
926,66.3,49.72221723825
927,66.35,49.7683379262443
928,66.4,49.8144688927366
929,66.45,49.8606100983883
930,66.5,49.906761503861
931,66.55,49.9529230698162
932,66.6,49.9990947569153
933,66.65,50.0452765258199
934,66.7,50.0914683371914
935,66.75,50.1376701516913
936,66.8,50.1838819299811
937,66.85,50.2301036327224
938,66.9,50.2763352205766
939,66.95,50.3225766542052
940,67,50.3688278942697
941,67.05,50.4150889014317
942,67.1,50.4613596363525
943,67.15,50.5076400596937
944,67.2,50.5539301321169
945,67.25,50.6002298142834
946,67.3,50.6465390668548
947,67.35,50.6928578504926
948,67.4,50.7391861258582
949,67.45,50.7855238536133
950,67.5,50.8318709944192
951,67.55,50.8782275089374
952,67.6,50.9245933578295
953,67.65,50.970968501757
954,67.7,51.0173529013813
955,67.75,51.063746517364
956,67.8,51.1101493103664
957,67.85,51.1565612410503
958,67.9,51.2029822700769
959,67.95,51.2494123581079
960,68,51.2958514658047
961,68.05,51.3422995538288
962,68.1,51.3887565828418
963,68.15,51.435222513505
964,68.2,51.48169730648
965,68.25,51.5281809224284
966,68.3,51.5746733220115
967,68.35,51.6211744658909
968,68.4,51.6676843147281
969,68.45,51.7142028291846
970,68.5,51.7607299699219
971,68.55,51.8072656976014
972,68.6,51.8538099728847
973,68.65,51.9003627564332
974,68.7,51.9469240089085
975,68.75,51.9934936909721
976,68.8,52.0400717632854
977,68.85,52.08665818651
978,68.9,52.1332529213073
979,68.95,52.1798559283388
980,69,52.226467168266
981,69.05,52.2730866017505
982,69.1,52.3197141894537
983,69.15,52.3663498920371
984,69.2,52.4129936701623
985,69.25,52.4596454844906
986,69.3,52.5063052956836
987,69.35,52.5529730644029
988,69.4,52.5996487513098
989,69.45,52.6463323170659
990,69.5,52.6930237223327
991,69.55,52.7397229277717
992,69.6,52.7864298940443
993,69.65,52.8331445818122
994,69.7,52.8798669517366
995,69.75,52.9265969644793
996,69.8,52.9733345807016
997,69.85,53.020079761065
998,69.9,53.0668324662312
999,69.95,53.1135926568614
1000,70,53.1603602936173
1001,70.05,53.2071353371603
1002,70.1,53.2539177481519
1003,70.15,53.3007074872537
1004,70.2,53.3475045151271
1005,70.25,53.3943087924336
1006,70.3,53.4411202798347
1007,70.35,53.487938937992
1008,70.4,53.5347647275668
1009,70.45,53.5815976092207
1010,70.5,53.6284375436152
1011,70.55,53.6752844914118
1012,70.6,53.722138413272
1013,70.65,53.7689992698573
1014,70.7,53.8158670218291
1015,70.75,53.862741629849
1016,70.8,53.9096230545785
1017,70.85,53.956511256679
1018,70.9,54.0034061968121
1019,70.95,54.0503078356393
1020,71,54.097216133822
1021,71.05,54.1441310520217
1022,71.1,54.1910525509
1023,71.15,54.2379805911183
1024,71.2,54.2849151333381
1025,71.25,54.331856138221
1026,71.3,54.3788035664283
1027,71.35,54.4257573786217
1028,71.4,54.4727175354626
1029,71.45,54.5196839976125
1030,71.5,54.566656725733
1031,71.55,54.6136356804854
1032,71.6,54.6606208225313
1033,71.65,54.7076121125322
1034,71.7,54.7546095111495
1035,71.75,54.8016129790449
1036,71.8,54.8486224768797
1037,71.85,54.8956379653155
1038,71.9,54.9426594050137
1039,71.95,54.989686756636
1040,72,55.0367199808436
1041,72.05,55.0837590382983
1042,72.1,55.1308038896613
1043,72.15,55.1778544955943
1044,72.2,55.2249108167588
1045,72.25,55.2719728138162
1046,72.3,55.319040447428
1047,72.35,55.3661136782557
1048,72.4,55.4131924669609
1049,72.45,55.460276774205
1050,72.5,55.5073665606494
1051,72.55,55.5544617869558
1052,72.6,55.6015624137856
1053,72.65,55.6486684018003
1054,72.7,55.6957797116614
1055,72.75,55.7429008384501
1056,72.8,55.7901702647662
1057,72.85,55.837447450223
1058,72.9,55.8847323701892
1059,72.95,55.9320250000336
1060,73,55.9793253151249
1061,73.05,56.026633290832
1062,73.1,56.0739489025237
1063,73.15,56.1212721255686
1064,73.2,56.1686029353356
1065,73.25,56.2159413071934
1066,73.3,56.2632872165108
1067,73.35,56.3106406386566
1068,73.4,56.3580015489996
1069,73.45,56.4053699229085
1070,73.5,56.4527457357521
1071,73.55,56.5001289628991
1072,73.6,56.5475195797184
1073,73.65,56.5949175615787
1074,73.7,56.6423228838488
1075,73.75,56.6897355218975
1076,73.8,56.7371554510935
1077,73.85,56.7845826468056
1078,73.9,56.8320170844026
1079,73.95,56.8794587392532
1080,74,56.9269075867263
1081,74.05,56.9743636021905
1082,74.1,57.0218267610147
1083,74.15,57.0692970385677
1084,74.2,57.1167744102182
1085,74.25,57.1642588513349
1086,74.3,57.2117503372868
1087,74.35,57.2592488434424
1088,74.4,57.3067543451707
1089,74.45,57.3542668178403
1090,74.5,57.4017862368201
1091,74.55,57.4493125774788
1092,74.6,57.4968458151852
1093,74.65,57.544385925308
1094,74.7,57.5919328832161
1095,74.75,57.6394866642782
1096,74.8,57.6870472438631
1097,74.85,57.7346145973396
1098,74.9,57.7821887000764
1099,74.95,57.8297695274423
1100,75,57.877357054806
1101,75.05,57.9249512575364
1102,75.1,57.9725521110022
1103,75.15,58.0201595905723
1104,75.2,58.0677736716152
1105,75.25,58.1153943295
1106,75.3,58.1630215395952
1107,75.35,58.2106552772697
1108,75.4,58.2582955178923
1109,75.45,58.3059422368317
1110,75.5,58.3535954094567
1111,75.55,58.401255011136
1112,75.6,58.4489210172385
1113,75.65,58.4965934031329
1114,75.7,58.5442721441881
1115,75.75,58.5919572157726
1116,75.8,58.6396485932555
1117,75.85,58.6873462520053
1118,75.9,58.7350501673909
1119,75.95,58.782760314781
1120,76,58.8304766695445
1121,76.05,58.8781992070501
1122,76.1,58.9259279026665
1123,76.15,58.9736627317626
1124,76.2,59.0214036697071
1125,76.25,59.0691506918688
1126,76.3,59.1169037736165
1127,76.35,59.1646628903189
1128,76.4,59.2124280173447
1129,76.45,59.2601991300629
1130,76.5,59.3079762038421
1131,76.55,59.3557592140512
1132,76.6,59.4035481360588
1133,76.65,59.4513429452338
1134,76.7,59.499143616945
1135,76.75,59.546950126561
1136,76.8,59.5947624494508
1137,76.85,59.642580560983
1138,76.9,59.6904044365264
1139,76.95,59.7382340514498
1140,77,59.786069381122
1141,77.05,59.8339104009118
1142,77.1,59.8817570861879
1143,77.15,59.9296094123191
1144,77.2,59.9774673546741
1145,77.25,60.0253308886218
1146,77.3,60.0731999895309
1147,77.35,60.1210746327702
1148,77.4,60.1689547937084
1149,77.45,60.2168404477144
1150,77.5,60.2647315701568
1151,77.55,60.3126281364045
1152,77.6,60.3605301218263
1153,77.65,60.4084375017909
1154,77.7,60.4563502516671
1155,77.75,60.5042683468237
1156,77.8,60.5521917626294
1157,77.85,60.600120474453
1158,77.9,60.6480544576633
1159,77.95,60.695993687629
1160,78,60.743938139719
1161,78.05,60.7918877893019
1162,78.1,60.8398426117467
1163,78.15,60.8878025824219
1164,78.2,60.9357676766965
1165,78.25,60.9837378699392
1166,78.3,61.0317131375188
1167,78.35,61.0796934548039
1168,78.4,61.1276787971635
1169,78.45,61.1756691399663
1170,78.5,61.223664458581
1171,78.55,61.2716647283765
1172,78.6,61.3196699247214
1173,78.65,61.3676800229846
1174,78.7,61.4156949985349
1175,78.75,61.4637148267409
1176,78.8,61.5117394829716
1177,78.85,61.5597689425956
1178,78.9,61.6078031809818
1179,78.95,61.6558421734988
1180,79,61.7038858955155
1181,79.05,61.7519343224007
1182,79.1,61.7999874295231
1183,79.15,61.8480451922515
1184,79.2,61.8961075859547
1185,79.25,61.9441745860014
1186,79.3,61.9922461677604
1187,79.35,62.0403223066005
1188,79.4,62.0884029778905
1189,79.45,62.1364881569991
1190,79.5,62.1845778192951
1191,79.55,62.2326719401472
1192,79.6,62.2807704949244
1193,79.65,62.3288734589952
1194,79.7,62.3769808077285
1195,79.75,62.4250925164931
1196,79.8,62.4732085606578
1197,79.85,62.5213289155912
1198,79.9,62.5694535566622
1199,79.95,62.6175824592396
1200,80,62.6657155986921
1201,80.05,62.7138529503885
1202,80.1,62.7619944896976
1203,80.15,62.8101401919882
1204,80.2,62.8582900326289
1205,80.25,62.9064439869887
1206,80.3,62.9546020304362
1207,80.35,63.0027641383402
1208,80.4,63.0509302860696
1209,80.45,63.099100448993
1210,80.5,63.1472746024793
1211,80.55,63.1954527218972
1212,80.6,63.2436347826155
1213,80.65,63.291820760003
1214,80.7,63.3400106294284
1215,80.75,63.3882043662605
1216,80.8,63.4364019458682
1217,80.85,63.4846033436201
1218,80.9,63.532808534885
1219,80.95,63.5810174950317
1220,81,63.629230199429
1221,81.05,63.6774466234457
1222,81.1,63.7256667424505
1223,81.15,63.7738905318122
1224,81.2,63.8221179668995
1225,81.25,63.8703490230813
1226,81.3,63.9185836757263
1227,81.35,63.9668219002033
1228,81.4,64.0150886858732
1229,81.45,64.0634136885682
1230,81.5,64.1117435647002
1231,81.55,64.1600782975417
1232,81.6,64.2084178703652
1233,81.65,64.2567622664431
1234,81.7,64.3051114690482
1235,81.75,64.3534654614529
1236,81.8,64.4018242269296
1237,81.85,64.4501877487511
1238,81.9,64.4985560101897
1239,81.95,64.546928994518
1240,82,64.5953066850085
1241,82.05,64.6436890649338
1242,82.1,64.6920761175664
1243,82.15,64.7404678261788
1244,82.2,64.7888641740436
1245,82.25,64.8372651444332
1246,82.3,64.8856707206203
1247,82.35,64.9340808858773
1248,82.4,64.9824956234767
1249,82.45,65.0309149166912
1250,82.5,65.0793387487932
1251,82.55,65.1277671030552
1252,82.6,65.1761999627498
1253,82.65,65.2246373111496
1254,82.7,65.2730791315269
1255,82.75,65.3215254071545
1256,82.8,65.3699761213047
1257,82.85,65.4184312572502
1258,82.9,65.4668907982634
1259,82.95,65.5153547276169
1260,83,65.5638230285833
1261,83.05,65.6122956844349
1262,83.1,65.6607726784445
1263,83.15,65.7092539938844
1264,83.2,65.7577396140273
1265,83.25,65.8062295221457
1266,83.3,65.854723701512
1267,83.35,65.9032221353989
1268,83.4,65.9517248070788
1269,83.45,66.0002316998243
1270,83.5,66.0487427969078
1271,83.55,66.0972580816021
1272,83.6,66.1457775371795
1273,83.65,66.1943011469126
1274,83.7,66.2428288940739
1275,83.75,66.2913607619359
1276,83.8,66.3398967337712
1277,83.85,66.3884367928524
1278,83.9,66.4369809224519
1279,83.95,66.4855291058422
1280,84,66.534081326296
1281,84.05,66.5826375670857
1282,84.1,66.6311978114838
1283,84.15,66.6797620427629
1284,84.2,66.7283302441955
1285,84.25,66.7769023990542
1286,84.3,66.8254784906115
1287,84.35,66.8740585021398
1288,84.4,66.9226424169118
1289,84.45,66.9712302181999
1290,84.5,67.0198218892767
1291,84.55,67.0684174134148
1292,84.6,67.1170167738865
1293,84.65,67.1656199539646
1294,84.7,67.2142269369215
1295,84.75,67.2628377060297
1296,84.8,67.3114522445617
1297,84.85,67.3600705357902
1298,84.9,67.4086925629875
1299,84.95,67.4573183094264
1300,85,67.5059477583792
1301,85.05,67.5545808931185
1302,85.1,67.6032176969168
1303,85.15,67.6518581530467
1304,85.2,67.7005022447807
1305,85.25,67.7491499553913
1306,85.3,67.7978012681511
1307,85.35,67.8464561663326
1308,85.4,67.8951146332082
1309,85.45,67.9437766520506
1310,85.5,67.9924422061323
1311,85.55,68.0411112787258
1312,85.6,68.0897838531036
1313,85.65,68.1384599125383
1314,85.7,68.1871394403023
1315,85.75,68.2358224196683
1316,85.8,68.2845088339086
1317,85.85,68.333198666296
1318,85.9,68.3818919001029
1319,85.95,68.4305885186018
1320,86,68.4792885050653
1321,86.05,68.5279918427658
1322,86.1,68.576698514976
1323,86.15,68.6254085049683
1324,86.2,68.6741217960153
1325,86.25,68.7228383713895
1326,86.3,68.7715582143634
1327,86.35,68.8202813082096
1328,86.4,68.8690076362006
1329,86.45,68.9177371816089
1330,86.5,68.9664699277071
1331,86.55,69.0152058577676
1332,86.6,69.0639449550631
1333,86.65,69.1126872028659
1334,86.7,69.1614325844488
1335,86.75,69.2101810830841
1336,86.8,69.2589326820445
1337,86.85,69.3076873646024
1338,86.9,69.3564451140304
1339,86.95,69.4052059136011
1340,87,69.4539697465868
1341,87.05,69.5027365962602
1342,87.1,69.5515064458939
1343,87.15,69.6002792787602
1344,87.2,69.6490550781318
1345,87.25,69.6978338272812
1346,87.3,69.7466155094809
1347,87.35,69.7954001080035
1348,87.4,69.8441876061214
1349,87.45,69.8929779871073
1350,87.5,69.9417712342335
1351,87.55,69.9905673307727
1352,87.6,70.0393662599975
1353,87.65,70.0881680051802
1354,87.7,70.1369725495935
1355,87.75,70.1857798765098
1356,87.8,70.2345899692018
1357,87.85,70.2834028109419
1358,87.9,70.3322183850027
1359,87.95,70.3810366746566
1360,88,70.4298576631763
1361,88.05,70.4786813338342
1362,88.1,70.5275076699029
1363,88.15,70.5763366546549
1364,88.2,70.6251682713628
1365,88.25,70.674002503299
1366,88.3,70.7228393337361
1367,88.35,70.7716787459467
1368,88.4,70.8205207232032
1369,88.45,70.8693652487782
1370,88.5,70.9182123059442
1371,88.55,70.9670618779737
1372,88.6,71.0159139481393
1373,88.65,71.0647684997135
1374,88.7,71.1136255159688
1375,88.75,71.1624849801778
1376,88.8,71.211346875613
1377,88.85,71.2602111855469
1378,88.9,71.3090778932521
1379,88.95,71.357946982001
1380,89,71.4068184350662
1381,89.05,71.4556922357202
1382,89.1,71.5045683672357
1383,89.15,71.553446812885
1384,89.2,71.6023275559407
1385,89.25,71.6512105796754
1386,89.3,71.7000958673615
1387,89.35,71.7489834022717
1388,89.4,71.7978731676784
1389,89.45,71.8467651468541
1390,89.5,71.8956593230715
1391,89.55,71.9445556796029
1392,89.6,71.9934541997211
1393,89.65,72.0423548666984
1394,89.7,72.0912576638074
1395,89.75,72.1401625743206
1396,89.8,72.1890695815107
1397,89.85,72.23797866865
1398,89.9,72.2868898190111
1399,89.95,72.3358030158666
1400,90,72.384718242489
1401,90.05,72.4336487677876
1402,90.1,72.48259072566
1403,90.15,72.5315355706628
1404,90.2,72.5804832981665
1405,90.25,72.6294339035415
1406,90.3,72.6783873821584
1407,90.35,72.7273437293876
1408,90.4,72.7763029405995
1409,90.45,72.8252650111647
1410,90.5,72.8742299364537
1411,90.55,72.9231977118367
1412,90.6,72.9721683326845
1413,90.65,73.0211417943673
1414,90.7,73.0701180922558
1415,90.75,73.1190972217203
1416,90.8,73.1680791781313
1417,90.85,73.2170639568593
1418,90.9,73.2660515532748
1419,90.95,73.3150419627482
1420,91,73.36403518065
1421,91.05,73.4130312023508
1422,91.1,73.4620300232208
1423,91.15,73.5110316386306
1424,91.2,73.5600360439507
1425,91.25,73.6090432345516
1426,91.3,73.6580532058037
1427,91.35,73.7070659530775
1428,91.4,73.7560814717434
1429,91.45,73.805099757172
1430,91.5,73.8541208047337
1431,91.55,73.9031446097989
1432,91.6,73.9521711677381
1433,91.65,74.0012004739219
1434,91.7,74.0502325237206
1435,91.75,74.0992673125048
1436,91.8,74.1483048356449
1437,91.85,74.1973450885114
1438,91.9,74.2463880664747
1439,91.95,74.2954337649053
1440,92,74.3444821791738
1441,92.05,74.3935333046504
1442,92.1,74.4425871367059
1443,92.15,74.4916436707105
1444,92.2,74.5407029020347
1445,92.25,74.5897648260491
1446,92.3,74.6388294381241
1447,92.35,74.6878967336302
1448,92.4,74.7369667079379
1449,92.45,74.7860393564175
1450,92.5,74.8351146744396
1451,92.55,74.8841926573747
1452,92.6,74.9332733005932
1453,92.65,74.9823565994656
1454,92.7,75.0314425493623
1455,92.75,75.0805311456539
1456,92.8,75.1296223837108
1457,92.85,75.1787162589034
1458,92.9,75.2278127666023
1459,92.95,75.2769119021778
1460,93,75.3260136610006
1461,93.05,75.375118038441
1462,93.1,75.4242250298695
1463,93.15,75.4733346306566
1464,93.2,75.5224468361727
1465,93.25,75.5715616417883
1466,93.3,75.620679042874
1467,93.35,75.6697990348001
1468,93.4,75.7189216129371
1469,93.45,75.7680467726556
1470,93.5,75.8171745093259
1471,93.55,75.8663048183185
1472,93.6,75.915437695004
1473,93.65,75.9645731347527
1474,93.7,76.0137112887689
1475,93.75,76.0628527129886
1476,93.8,76.1119967841975
1477,93.85,76.1611435013798
1478,93.9,76.2102928635196
1479,93.95,76.2594448696008
1480,94,76.3085995186077
1481,94.05,76.3577568095243
1482,94.1,76.4069167413346
1483,94.15,76.4560793130229
1484,94.2,76.5052445235732
1485,94.25,76.5544123719695
1486,94.3,76.603582857196
1487,94.35,76.6527559782367
1488,94.4,76.7019317340758
1489,94.45,76.7511101236973
1490,94.5,76.8002911460854
1491,94.55,76.8494748002241
1492,94.6,76.8986610850975
1493,94.65,76.9478499996898
1494,94.7,76.9970415429849
1495,94.75,77.046235713967
1496,94.8,77.0954325116202
1497,94.85,77.1446319349286
1498,94.9,77.1938339828762
1499,94.95,77.2430386544472
1500,95,77.2921010367053
1501,95,77.3408064151381
1502,95,77.3894468973665
1503,95,77.4380194976129
1504,95,77.4865212300997
1505,95,77.5349491090493
1506,95,77.5833001486841
1507,95,77.6315713632264
1508,95,77.6797597668987
1509,95,77.7278623739234
1510,95,77.7758761985228
1511,95,77.8237982549194
1512,95,77.8716255573354
1513,95,77.9193551199934
1514,95,77.9669839571156
1515,95,78.0145090829246
1516,95,78.0619275116426
1517,95,78.1092362574921
1518,95,78.1564323346955
1519,95,78.2035127574751
1520,95,78.2504745400533
1521,95,78.2973143712104
1522,95,78.3439758870722
1523,95,78.3904902186256
1524,95,78.4368521464318
1525,95,78.4830564510518
1526,95,78.5290979130469
1527,95,78.5749713129783
1528,95,78.6206714314069
1529,95,78.6662206373859
1530,95,78.7116983313617
1531,95,78.7570351685661
1532,95,78.8022312678233
1533,95,78.847286747958
1534,95,78.8922017277946
1535,95,78.9369763261575
1536,95,78.9816106618713
1537,95,79.0261204926573
1538,95,79.0705161521499
1539,95,79.1147854880858
1540,95,79.1589300883825
1541,95,79.2029515409577
1542,95,79.2468514337289
1543,95,79.2906313546137
1544,95,79.3342928915297
1545,95,79.377827524668
1546,95,79.4212385631876
1547,95,79.4645302035612
1548,95,79.5077034244718
1549,95,79.5507592046023
1550,95,79.5936985226358
1551,95,79.6365223572552
1552,95,79.6792316871436
1553,95,79.7218154678931
1554,95,79.7642817351646
1555,95,79.8066313555694
1556,95,79.8488647854648
1557,95,79.8909824812077
1558,95,79.9329848991552
1559,95,79.9748724956642
1560,95,80.0167013148978
1561,95,80.0586423081798
1562,95,80.100473228097
1563,95,80.1421940746495
1564,95,80.1838048478372
1565,95,80.2253055476601
1566,95,80.2666961741183
1567,95,80.3079767272117
1568,95,80.3491472069404
1569,95,80.3902076133043
1570,95,80.4311579463034
1571,95,80.4719982059378
1572,95,80.5127283922074
1573,95,80.5533485051122
1574,95,80.5938585446523
1575,95,80.6342585108276
1576,95,80.6745484036382
1577,95,80.714728223084
1578,95,80.754797969165
1579,95,80.7947576418813
1580,95,80.8346072412328
1581,95,80.8743467672196
1582,95,80.9139762198416
1583,95,80.9534955990988
1584,95,80.9929049049913
1585,95,81.032204137519
1586,95,81.071393296682
1587,95,81.1104723824801
1588,95,81.1494413949136
1589,95,81.1883003339822
1590,95,81.2270491996861
1591,95,81.2656879920253
1592,95,81.3042167109997
1593,95,81.3426353566093
1594,95,81.3809439288542
1595,95,81.4191424277342
1596,95,81.4572308532496
1597,95,81.4952092054002
1598,95,81.533077484186
1599,95,81.570835689607
1600,95,81.6084838216633
1601,95,81.6460218803548
1602,95,81.6834498656816
1603,95,81.7207677776436
1604,95,81.7579756162409
1605,95,81.7950733814733
1606,95,81.8320610733411
1607,95,81.868938691844
1608,95,81.9057062369822
1609,95,81.9423637087557
1610,95,81.9789111071644
1611,95,82.0153484322083
1612,95,82.0516756838874
1613,95,82.0878928622018
1614,95,82.1239999671514
1615,95,82.1599969987363
1616,95,82.1958839569564
1617,95,82.2316608418118
1618,95,82.2673276533024
1619,95,82.3028843914282
1620,95,82.3383310561893
1621,95,82.3736676475856
1622,95,82.4088941656171
1623,95,82.4440106102839
1624,95,82.4790169815859
1625,95,82.5139132795232
1626,95,82.5486995040957
1627,95,82.5833756553034
1628,95,82.6179417331464
1629,95,82.6523977376246
1630,95,82.686743668738
1631,95,82.7209795264867
1632,95,82.7551053108707
1633,95,82.7891210218898
1634,95,82.8230266595442
1635,95,82.8568222238339
1636,95,82.8905077147588
1637,95,82.9240910789849
1638,95,82.958176632533
1639,95,82.992167972434
1640,95,83.0260650986878
1641,95,83.0598680112945
1642,95,83.0935767102541
1643,95,83.1271911955665
1644,95,83.1607114672318
1645,95,83.19413752525
1646,95,83.227469369621
1647,95,83.2607070003449
1648,95,83.2938504174217
1649,95,83.3268996208513
1650,95,83.3598546106338
1651,95,83.3927153867692
1652,95,83.4254819492574
1653,95,83.4581542980985
1654,95,83.4907324332925
1655,95,83.5232163548393
1656,95,83.5556060627391
1657,95,83.5879015569916
1658,95,83.6201028375971
1659,95,83.6522099045554
1660,95,83.6842227578666
1661,95,83.7161413975306
1662,95,83.7479658235476
1663,95,83.7796960359174
1664,95,83.81133203464
1665,95,83.8428738197155
1666,95,83.8743213911439
1667,95,83.9056747489252
1668,95,83.9369338930593
1669,95,83.9680988235463
1670,95,83.9991695403861
1671,95,84.0301460435789
1672,95,84.0610283331245
1673,95,84.091816409023
1674,95,84.1225102712743
1675,95,84.1531099198785
1676,95,84.1836153548356
1677,95,84.2140265761455
1678,95,84.2443435838083
1679,95,84.274566377824
1680,95,84.3046949581925
1681,95,84.3347293249139
1682,95,84.3646694779882
1683,95,84.3945154174153
1684,95,84.4242671431953
1685,95,84.4539246553282
1686,95,84.483487953814
1687,95,84.5129570386526
1688,95,84.5423319098441
1689,95,84.5716125673884
1690,95,84.6007990112856
1691,95,84.6298912415357
1692,95,84.6588892581387
1693,95,84.6877930610945
1694,95,84.7166026504032
1695,95,84.7453180260647
1696,95,84.7739391880792
1697,95,84.8024661364464
1698,95,84.8308988711666
1699,95,84.8592373922396
1700,95,84.8874816996655
1701,95,84.9156317934443
1702,95,84.9436876735759
1703,95,84.9716493400604
1704,95,84.9995167928978
1705,95,85.027290032088
1706,95,85.0549690576311
1707,95,85.0825538695271
1708,95,85.1100444677759
1709,95,85.1374408523776
1710,95,85.1647430233322
1711,95,85.1919509806396
1712,95,85.2190647243
1713,95,85.2460842543131
1714,95,85.2730095706792
1715,95,85.3003926494891
1716,95,85.3278125811737
1717,95,85.3551554094927
1718,95,85.3824211344461
1719,95,85.4096097560338
1720,95,85.4367212742559
1721,95,85.4637556891124
1722,95,85.4907130006033
1723,95,85.5175932087286
1724,95,85.5443963134882
1725,95,85.5711223148822
1726,95,85.5977712129106
1727,95,85.6243430075733
1728,95,85.6508376988704
1729,95,85.6772552868019
1730,95,85.7035957713678
1731,95,85.729859152568
1732,95,85.7560454304026
1733,95,85.7821546048716
1734,95,85.808186675975
1735,95,85.8341416437127
1736,95,85.8600195080848
1737,95,85.8858202690913
1738,95,85.9115439267322
1739,95,85.9371904810074
1740,95,85.962759931917
1741,95,85.988252279461
1742,95,86.0136675236393
1743,95,86.0390056644521
1744,95,86.0642667018992
1745,95,86.0894506359807
1746,95,86.1145574666965
1747,95,86.1395871940467
1748,95,86.1645398180313
1749,95,86.1894153386503
1750,95,86.2142137559037
1751,95,86.2389350697914
1752,95,86.2635792803135
1753,95,86.28814638747
1754,95,86.3126363912608
1755,95,86.337049291686
1756,95,86.3613850887456
1757,95,86.3856437824396
1758,95,86.4098253727679
1759,95,86.4339298597306
1760,95,86.4579572433277
1761,95,86.4819075235592
1762,95,86.505780700425
1763,95,86.5295767739252
1764,95,86.5532957440598
1765,95,86.5769376108288
1766,95,86.6005023742321
1767,95,86.6239900342698
1768,95,86.6474005909419
1769,95,86.6707340442484
1770,95,86.6939903941892
1771,95,86.7171696407644
1772,95,86.740271783974
1773,95,86.7632968238179
1774,95,86.7862447602963
1775,95,86.809115593409
1776,95,86.8319093231561
1777,95,86.8546259495375
1778,95,86.8772654725533
1779,95,86.8998278922035
1780,95,86.9223132084881
1781,95,86.9447214214071
1782,95,86.9670525309604
1783,95,86.9893065371481
1784,95,87.0114834399701
1785,95,87.0335832394266
1786,95,87.0556059355174
1787,95,87.0775515282426
1788,95,87.0994200176022
1789,95,87.1212114035961
1790,95,87.1429256862244
1791,95,87.1645628654871
1792,95,87.1864966934197
1793,95,87.2085749465353
1794,95,87.2305910779018
1795,95,87.2525450875194
1796,95,87.2744369753879
1797,95,87.2962667415074
1798,95,87.318034385878
1799,95,87.3397399084995
1800,95,87.361383309372
1801,95,87.3829645884956
1802,95,87.4044837458701
1803,95,87.4259407814956
1804,95,87.4473356953721
1805,95,87.4686684874997
1806,95,87.4899391578782
1807,95,87.5111477065077
1808,95,87.5322941333882
1809,95,87.5533784385197
1810,95,87.5744006219022
1811,95,87.5953606835357
1812,95,87.6162586234202
1813,95,87.6370944415557
1814,95,87.6578681379422
1815,95,87.6785797125797
1816,95,87.6992291654682
1817,95,87.7198164966077
1818,95,87.7403417059982
1819,95,87.7608047936397
1820,95,87.7812057595322
1821,95,87.8015446036757
1822,95,87.8218213260702
1823,95,87.8420359267156
1824,95,87.8621884056121
1825,95,87.8822787627596
1826,95,87.9023069981581
1827,95,87.9222731118075
1828,95,87.942177103708
1829,95,87.9620189738595
1830,95,87.9817987222619
1831,95,88.0015163489154
1832,95,88.0211718538199
1833,95,88.0407652369753
1834,95,88.0602964983818
1835,95,88.0797656380392
1836,95,88.0991726559477
1837,95,88.1185175521071
1838,95,88.1378003265176
1839,95,88.157020979179
1840,95,88.1761795100915
1841,95,88.1952759192549
1842,95,88.2143102066694
1843,95,88.2332823723348
1844,95,88.2521924162512
1845,95,88.2710403384187
1846,95,88.2898261388371
1847,95,88.3085498175065
1848,95,88.327211374427
1849,95,88.3458108095984
1850,95,88.3643481230208
1851,95,88.3828233146942
1852,95,88.4012363846186
1853,95,88.4195873327941
1854,95,88.4378761592205
1855,95,88.4561028638979
1856,95,88.4742674468263
1857,95,88.4923699080057
1858,95,88.5104102474361
1859,95,88.5283884651175
1860,95,88.5463045610499
1861,95,88.5641585352333
1862,95,88.5819503876677
1863,95,88.5996801183531
1864,95,88.6173477272895
1865,95,88.6349532144769
1866,95,88.6524965799153
1867,95,88.6699778236047
1868,95,88.6873969455451
1869,95,88.7048230089606
1870,95,88.7222773736356
1871,95,88.7396804059527
1872,95,88.7570322722523
1873,95,88.774333138875
1874,95,88.791583172161
1875,95,88.8087825384508
1876,95,88.8259314040848
1877,95,88.8430299354035
1878,95,88.8600782987472
1879,95,88.8770766604564
1880,95,88.8940251868715
1881,95,88.9109240443329
1882,95,88.9277733991811
1883,95,88.9445734177565
1884,95,88.9613242663994
1885,95,88.9780261114503
1886,95,88.9946791192497
1887,95,89.0112834561379
1888,95,89.0278392884554
1889,95,89.0443467825426
1890,95,89.0608061047399
1891,95,89.0772174213878
1892,95,89.0935808988266
1893,95,89.1098967033967
1894,95,89.1261650014387
1895,95,89.1423859592929
1896,95,89.1585597432997
1897,95,89.1746865197996
1898,95,89.1907664551329
1899,95,89.2067997156402
1900,95,89.2227864676618
1901,95,89.2387268775381
1902,95,89.2546211116096
1903,95,89.2704693362167
1904,95,89.2862717176998
1905,95,89.3020284223993
1906,95,89.3177396166556
1907,95,89.3334054668092
1908,95,89.3490261392005
1909,95,89.36460180017
1910,95,89.3801326160579
1911,95,89.3956187532048
1912,95,89.4110603779511
1913,95,89.4264576566372
1914,95,89.4418107556034
1915,95,89.4571198411904
1916,95,89.4723850797383
1917,95,89.4876066375878
1918,95,89.5027846810791
1919,95,89.5179193765528
1920,95,89.5330108903492
1921,95,89.5480593888088
1922,95,89.5630650382719
1923,95,89.578028005079
1924,95,89.5929484555706
1925,95,89.607826556087
1926,95,89.6226624729687
1927,95,89.6374563725561
1928,95,89.6522084211895
1929,95,89.6669187852095
1930,95,89.6815876309565
1931,95,89.6962151247708
1932,95,89.7108014329929
1933,95,89.7253467219632
1934,95,89.7398511580221
1935,95,89.7543149075101
1936,95,89.7687381367676
1937,95,89.783121012135
1938,95,89.7974636999527
1939,95,89.8117663665611
1940,95,89.8260291783006
1941,95,89.8402523015118
1942,95,89.8544359025349
1943,95,89.8685801477105
1944,95,89.8826852033789
1945,95,89.8967512358806
1946,95,89.9107784115559
1947,95,89.9247668967454
1948,95,89.9387168577894
1949,95,89.9526284610283
1950,95,89.9665018728026
1951,95,89.9803372594526
1952,95,89.9941347873189
1953,95,90.0078946227418
1954,95,90.0216169320618
1955,95,90.0353018816192
1956,95,90.0489496377545
1957,95,90.0625603668082
1958,95,90.0761342351205
1959,95,90.089671409032
1960,95,90.1031720548831
1961,95,90.1166363390142
1962,95,90.1300644277657
1963,95,90.143456487478
1964,95,90.1568126844916
1965,95,90.1701331851469
1966,95,90.1834181557843
1967,95,90.1966677627442
1968,95,90.209882172367
1969,95,90.2230615509932
1970,95,90.2362060649632
1971,95,90.2493158806174
1972,95,90.2623911642962
1973,95,90.27543208234
1974,95,90.2884388010893
1975,95,90.3014114868845
1976,95,90.314350306066
1977,95,90.3272554249743
1978,95,90.3401270099497
1979,95,90.3529652273326
1980,95,90.3657702434636
1981,95,90.378542224683
1982,95,90.3912813373312
1983,95,90.4039877477486
1984,95,90.4166616222757
1985,95,90.429303127253
1986,95,90.4419124290207
1987,95,90.4544896939194
1988,95,90.4670350882894
1989,95,90.4795487784712
1990,95,90.4920309308052
1991,95,90.5044817116319
1992,95,90.5169012872916
1993,95,90.5292898241247
1994,95,90.5416474884717
1995,95,90.5539744466731
1996,95,90.5662708650691
1997,95,90.5785369100003
1998,95,90.5907727478071
1999,95,90.6029785448299
2000,95,90.615154467409
2001,95,90.627300681885
2002,95,90.6394173545983
2003,95,90.6515046518892
2004,95,90.6635627400982
2005,95,90.6755917855657
2006,95,90.6875919546322
2007,95,90.699563413638
2008,95,90.7115063289236
2009,95,90.7234208668294
2010,95,90.7353071936958
2011,95,90.7471654758632
2012,95,90.7589958796721
2013,95,90.7707985714629
2014,95,90.782573717576
2015,95,90.7943214843518
2016,95,90.8060420381307
2017,95,90.8177355452532
2018,95,90.8294021720597
2019,95,90.8410420848906
2020,95,90.8526554500864
2021,95,90.8642424339873
2022,95,90.875803202934
2023,95,90.8873379232667
2024,95,90.898846761326
2025,95,90.9103298834521
2026,95,90.9217874559857
2027,95,90.9332196452669
2028,95,90.9446266176364
2029,95,90.9557436083362
2030,95,90.9667180512433
2031,95,90.9776606759554
2032,95,90.9885716048359
2033,95,90.9994509602485
2034,95,91.0102988645565
2035,95,91.0211154401233
2036,95,91.0319008093126
2037,95,91.0426550944878
2038,95,91.0533784180122
2039,95,91.0640709022495
2040,95,91.0747326695631
2041,95,91.0853638423165
2042,95,91.0959645428731
2043,95,91.1065348935964
2044,95,91.11707501685
2045,95,91.1275850349972
2046,95,91.1380650704015
2047,95,91.1485152454265
2048,95,91.1589356824356
2049,95,91.1693265037923
2050,95,91.17968783186
2051,95,91.1900197890023
2052,95,91.2003224975826
2053,95,91.2105960799643
2054,95,91.2208406585111
2055,95,91.2310563555862
2056,95,91.2412432935533
2057,95,91.2514015947758
2058,95,91.2615313816172
2059,95,91.2716327764409
2060,95,91.2817059016104
2061,95,91.2917508794892
2062,95,91.3017678324408
2063,95,91.3117568828286
2064,95,91.3217181530162
2065,95,91.331651765367
2066,95,91.3415578422444
2067,95,91.351436506012
2068,95,91.3612878790333
2069,95,91.3711120836716
2070,95,91.3809092422905
2071,95,91.3906794772535
2072,95,91.4004229109241
2073,95,91.4101396656656
2074,95,91.4198298638417
2075,95,91.4294936278157
2076,95,91.4391310799511
2077,95,91.4487423426115
2078,95,91.4583275381603
2079,95,91.4678867889609
2080,95,91.4774202173769
2081,95,91.4869279457718
2082,95,91.4964100965089
2083,95,91.5058667919518
2084,95,91.5152981544639
2085,95,91.5247043064088
2086,95,91.5340853701499
2087,95,91.5434414680507
2088,95,91.5527727224746
2089,95,91.5620792557852
2090,95,91.5713611903459
2091,95,91.5806186485202
2092,95,91.5898517526715
2093,95,91.5990606251634
2094,95,91.6082453883594
2095,95,91.6174061646227
2096,95,91.6265430763171
2097,95,91.635656245806
2098,95,91.6447457954527
2099,95,91.6538118476209
2100,95,91.6628545246739
2101,95,91.6718739489753
2102,95,91.6808702428885
2103,95,91.689843528777
2104,95,91.6987939290043
2105,95,91.7077215659339
2106,95,91.7166265619292
2107,95,91.7255090393537
2108,95,91.7343691205709
2109,95,91.7432069279442
2110,95,91.7520225838372
2111,95,91.7608162106134
2112,95,91.7695879306361
2113,95,91.7783378662688
2114,95,91.7870661398752
2115,95,91.7957728738185
2116,95,91.8044581904624
2117,95,91.8131222121702
2118,95,91.8217650613055
2119,95,91.8303868602317
2120,95,91.8389877313123
2121,95,91.8475677969108
2122,95,91.8561271793907
2123,95,91.8646660011154
2124,95,91.8731843844484
2125,95,91.8816824517532
2126,95,91.8901603253932
2127,95,91.898618127732
2128,95,91.907055981133
2129,95,91.9154740079597
2130,95,91.9238723305756
2131,95,91.9322510713441
2132,95,91.9406103526287
2133,95,91.948950296793
2134,95,91.9572710262003
2135,95,91.9655726632141
2136,95,91.973855330198
2137,95,91.9821191495154
2138,95,91.9903642435298
2139,95,91.9985907346046
2140,95,92.0067987451033
2141,95,92.0149883973895
2142,95,92.0231598138266
2143,95,92.031313116778
2144,95,92.0394484286072
2145,95,92.0475658716778
2146,95,92.0556655683532
2147,95,92.0637476409968
2148,95,92.0718122119722
2149,95,92.0798594036427
2150,95,92.087889338372
2151,95,92.0959021385235
2152,95,92.1038979264606
2153,95,92.1118768245468
2154,95,92.1198389551457
2155,95,92.1277844406206
2156,95,92.1357134033351
2157,95,92.1436259656526
2158,95,92.1515222499366
2159,95,92.1594023785506
2160,95,92.167266473858
2161,95,92.1751146582224
2162,95,92.1829470540072
2163,95,92.1907637835759
2164,95,92.198564969292
2165,95,92.2063507335189
2166,95,92.2141211986201
2167,95,92.2218764869591
2168,95,92.2296167208994
2169,95,92.2373420228044
2170,95,92.2450525150377
2171,95,92.2527483199627
2172,95,92.2604295599428
2173,95,92.2680963573416
2174,95,92.2757488345225
2175,95,92.2833871138491
2176,95,92.2910113176847
2177,95,92.2986215683928
2178,95,92.306217988337
2179,95,92.3138006998808
2180,95,92.3213698253875
2181,95,92.3289254872206
2182,95,92.3364678077437
2183,95,92.3439969093203
2184,95,92.3515129143137
2185,95,92.3590159450875
2186,95,92.3665061240051
2187,95,92.3739835734301
2188,95,92.3814484157259
2189,95,92.3885261799875
2190,95,92.3955654529785
2191,95,92.4025850718647
2192,95,92.4095851131597
2193,95,92.4165656533774
2194,95,92.4235267690313
2195,95,92.4304685366352
2196,95,92.437391032703
2197,95,92.4442943337481
2198,95,92.4511785162845
2199,95,92.4580436568259
2200,95,92.4648898318858
2201,95,92.4717171179782
2202,95,92.4785255916167
2203,95,92.485315329315
2204,95,92.4920864075868
2205,95,92.4988389029459
2206,95,92.5055728919061
2207,95,92.5122884509809
2208,95,92.5189856566842
2209,95,92.5256645855297
2210,95,92.5323253140311
2211,95,92.5389679187022
2212,95,92.5455924760565
2213,95,92.552199062608
2214,95,92.5587877548703
2215,95,92.565358629357
2216,95,92.5719117625821
2217,95,92.5784472310591
2218,95,92.5849651113018
2219,95,92.591465479824
2220,95,92.5979484131393
2221,95,92.6044139877614
2222,95,92.6108622802042
2223,95,92.6172933669813
2224,95,92.6237073246065
2225,95,92.6301042295934
2226,95,92.6364841584559
2227,95,92.6428471877075
2228,95,92.6491933938622
2229,95,92.6555228534335
2230,95,92.6618356429351
2231,95,92.668131838881
2232,95,92.6744115177846
2233,95,92.6806747561599
2234,95,92.6869216305204
2235,95,92.69315221738
2236,95,92.6993665932523
2237,95,92.7055648346511
2238,95,92.7117470180901
2239,95,92.717913220083
2240,95,92.7240635171436
2241,95,92.7301979857856
2242,95,92.7363167025226
2243,95,92.7424197438685
2244,95,92.7485071863369
2245,95,92.7545791064416
2246,95,92.7606355806963
2247,95,92.7666766856147
2248,95,92.7727024977106
2249,95,92.7787130934976
2250,95,92.7847085494896
2251,95,92.7906889422001
2252,95,92.7966543481431
2253,95,92.802604843832
2254,95,92.8085405057808
2255,95,92.8144614105031
2256,95,92.8203676345127
2257,95,92.8262592543232
2258,95,92.8321363464484
2259,95,92.8379989874021
2260,95,92.8438472536979
2261,95,92.8496812218495
2262,95,92.8555009683708
2263,95,92.8613065697754
2264,95,92.867098102577
2265,95,92.8728756432894
2266,95,92.8786392684263
2267,95,92.8843890545014
2268,95,92.8901250780285
2269,95,92.8958474155212
2270,95,92.9015561434934
2271,95,92.9072513384586
2272,95,92.9129330769307
2273,95,92.9186014354234
2274,95,92.9242564904504
2275,95,92.9298983185253
2276,95,92.9355269961621
2277,95,92.9411425998743
2278,95,92.9467452061757
2279,95,92.95233489158
2280,95,92.957911732601
2281,95,92.9634758057523
2282,95,92.9690271875477
2283,95,92.974565954501
2284,95,92.9800921831257
2285,95,92.9856059499358
2286,95,92.9911073314449
2287,95,92.9965964041666
2288,95,93.0020732446148
2289,95,93.0075379293032
2290,95,93.0129905347455
2291,95,93.0184311374554
2292,95,93.0238598139466
2293,95,93.0292766407329
2294,95,93.0346816943281
2295,95,93.0400750512457
2296,95,93.0454567879995
2297,95,93.0508269811034
2298,95,93.0561857070709
2299,95,93.0615330424158
2300,95,93.0668690636519
2301,95,93.0721938472928
2302,95,93.0775074698524
2303,95,93.0828100078442
2304,95,93.0881015377821
2305,95,93.0933821361798
2306,95,93.0986518795509
2307,95,93.1039108444093
2308,95,93.1091591072686
2309,95,93.1143967446426
2310,95,93.119623833045
2311,95,93.1248404489895
2312,95,93.1300466689898
2313,95,93.1352425695597
2314,95,93.1404282272129
2315,95,93.1456037184631
2316,95,93.150769119824
2317,95,93.1559245078094
2318,95,93.161069958933
2319,95,93.1662055497085
2320,95,93.1713313566496
2321,95,93.1764474562701
2322,95,93.1815539250837
2323,95,93.1866508396042
2324,95,93.1917382763451
2325,95,93.1968163118203
2326,95,93.2018850225435
2327,95,93.2069444850284
2328,95,93.2119947757888
2329,95,93.2170359713383
2330,95,93.2220681481907
2331,95,93.2270913828598
2332,95,93.2321057518591
2333,95,93.2371113317025
2334,95,93.2421081989038
2335,95,93.2470964299765
2336,95,93.2520761014344
2337,95,93.2570472897913
2338,95,93.262010071561
2339,95,93.266964523257
2340,95,93.2719107213931
2341,95,93.2768487424832
2342,95,93.2817786630408
2343,95,93.2867005595797
2344,95,93.2916145086136
2345,95,93.2965205866564
2346,95,93.3014188702216
2347,95,93.306309435823
2348,95,93.3111376294839
2349,95,93.3157365804344
2350,95,93.3203228813009
2351,95,93.3248965765273
2352,95,93.3294577105579
2353,95,93.3340063278367
2354,95,93.338542472808
2355,95,93.3430661899157
2356,95,93.3475775236041
2357,95,93.3520765183172
2358,95,93.3565632184993
2359,95,93.3610376685944
2360,95,93.3654999130466
2361,95,93.3699499963002
2362,95,93.3743879627992
2363,95,93.3788138569878
2364,95,93.38322772331
2365,95,93.38762960621
2366,95,93.392019550132
2367,95,93.3963975995201
2368,95,93.4007637988184
2369,95,93.405118192471
2370,95,93.4094608249221
2371,95,93.4137917406158
2372,95,93.4181109839962
2373,95,93.4224185995075
2374,95,93.4267146315938
2375,95,93.4309991246992
2376,95,93.4352721232678
2377,95,93.4395336717438
2378,95,93.4437838145714
2379,95,93.4480225961945
2380,95,93.4522500610575
2381,95,93.4564662536043
2382,95,93.4606712182792
2383,95,93.4648649995262
2384,95,93.4690476417895
2385,95,93.4732191895132
2386,95,93.4773796871415
2387,95,93.4815291791185
2388,95,93.4856677098883
2389,95,93.489795323895
2390,95,93.4939120655828
2391,95,93.4980179793958
2392,95,93.5021131097781
2393,95,93.5061975011739
2394,95,93.5102711980273
2395,95,93.5143342447823
2396,95,93.5183866858833
2397,95,93.5224285657742
2398,95,93.5264599288993
2399,95,93.5304808197026
2400,95,93.5344912826282
2401,95,93.5384913621204
2402,95,93.5424811026232
2403,95,93.5464605485807
2404,95,93.5504297444372
2405,95,93.5543887346367
2406,95,93.5583375636233
2407,95,93.5622762758412
2408,95,93.5662049157345
2409,95,93.5701235277474
2410,95,93.5740321563239
2411,95,93.5779308459083
2412,95,93.5818196409446
2413,95,93.5856985858769
2414,95,93.5895677251494
2415,95,93.5934271032063
2416,95,93.5972767644916
2417,95,93.6011167534495
2418,95,93.6049471145241
2419,95,93.6087678921596
2420,95,93.6125791308
2421,95,93.6163808748896
2422,95,93.6201731688724
2423,95,93.6239560571925
2424,95,93.6277295842941
2425,95,93.6314937946214
2426,95,93.6352487326184
2427,95,93.6389944427293
2428,95,93.6427309693983
2429,95,93.6464583570693
2430,95,93.6501766501867
2431,95,93.6538858931944
2432,95,93.6575861305367
2433,95,93.6612774066577
2434,95,93.6649597660014
2435,95,93.6686332530121
2436,95,93.6722979121339
2437,95,93.6759537878108
2438,95,93.679600924487
2439,95,93.6832393666067
2440,95,93.686869158614
2441,95,93.690490344953
2442,95,93.6941029700678
2443,95,93.6977070784026
2444,95,93.7013027144015
2445,95,93.7048899225086
2446,95,93.708468747168
2447,95,93.712039232824
2448,95,93.7156014239206
2449,95,93.7191553649019
2450,95,93.7227011002121
2451,95,93.7262386742953
2452,95,93.7297681315957
2453,95,93.7332895165573
2454,95,93.7368028736243
2455,95,93.7403082472409
2456,95,93.7438056818511
2457,95,93.7472952218991
2458,95,93.750776911829
2459,95,93.754250796085
2460,95,93.7577169191112
2461,95,93.7611753253516
2462,95,93.7646260592506
2463,95,93.768069165252
2464,95,93.7715046878002
2465,95,93.7749326713392
2466,95,93.7783531603132
2467,95,93.7817661991663
2468,95,93.7851718323426
2469,95,93.7885701042862
2470,95,93.7919610594413
2471,95,93.7953447422521
2472,95,93.7987211971625
2473,95,93.8020904686169
2474,95,93.8054526010592
2475,95,93.8088076389337
2476,95,93.8121556266845
2477,95,93.8154966087556
2478,95,93.8188306295913
2479,95,93.8221577336356
2480,95,93.8254779653327
2481,95,93.8287913691267
2482,95,93.8320979894618
2483,95,93.835397870782
2484,95,93.8386910575315
2485,95,93.8419775941545
2486,95,93.845257525095
2487,95,93.8485308947973
2488,95,93.8517977477053
2489,95,93.8550581282633
2490,95,93.8583120809154
2491,95,93.8615596501057
2492,95,93.8648008802784
2493,95,93.8680358158775
2494,95,93.8712645013472
2495,95,93.8744869811317
2496,95,93.877703299675
2497,95,93.8809135014214
2498,95,93.8841176308148
2499,95,93.8873157322995
2500,95,93.8905078503196
2501,95,93.8936940293193
2502,95,93.8968743137425
2503,95,93.9000487480336
2504,95,93.9032173766365
2505,95,93.9063802439955
2506,95,93.9095373945546
2507,95,93.9126888727581
2508,95,93.9157679925245
2509,95,93.9187574840319
2510,95,93.9217386295736
2511,95,93.924711456181
2512,95,93.9276759908853
2513,95,93.930632260718
2514,95,93.9335802927104
2515,95,93.936520113894
2516,95,93.9394517513
2517,95,93.9423752319598
2518,95,93.9452905829047
2519,95,93.9481978311663
2520,95,93.9510970037757
2521,95,93.9539881277644
2522,95,93.9568712301637
2523,95,93.959746338005
2524,95,93.9626134783196
2525,95,93.965472678139
2526,95,93.9683239644944
2527,95,93.9711673644173
2528,95,93.9740029049389
2529,95,93.9768306130908
2530,95,93.9796505159041
2531,95,93.9824626404103
2532,95,93.9852670136408
2533,95,93.9880636626269
2534,95,93.9908526143999
2535,95,93.9936338959913
2536,95,93.9964075344324
2537,95,93.9991735567545
2538,95,94.001931989989
2539,95,94.0046828611674
2540,95,94.0074261973208
2541,95,94.0101620254808
2542,95,94.0128903726786
2543,95,94.0156112659457
2544,95,94.0183247323133
2545,95,94.0210307988129
2546,95,94.0237294924758
2547,95,94.0264208403334
2548,95,94.029104869417
2549,95,94.031781606758
2550,95,94.0344510793878
2551,95,94.0371133143377
2552,95,94.0397683386391
2553,95,94.0424161793233
2554,95,94.0450568634217
2555,95,94.0476904179658
2556,95,94.0503168699867
2557,95,94.0529362465159
2558,95,94.0555485745848
2559,95,94.0581538812247
2560,95,94.060752193467
2561,95,94.063343538343
2562,95,94.0659279428842
2563,95,94.0685054341218
2564,95,94.0710760390872
2565,95,94.0736397848118
2566,95,94.076196698327
2567,95,94.0787468066641
2568,95,94.0812901368544
2569,95,94.0838267159294
2570,95,94.0863565709204
2571,95,94.0888797288588
2572,95,94.0913962167758
2573,95,94.093906061703
2574,95,94.0964092906716
2575,95,94.098905930713
2576,95,94.1013960088586
2577,95,94.1038795521398
2578,95,94.1063565875878
2579,95,94.108827142234
2580,95,94.1112912431099
2581,95,94.1137489172468
2582,95,94.116200191676
2583,95,94.118645093429
2584,95,94.121083649537
2585,95,94.1235158870314
2586,95,94.1259418329436
2587,95,94.128361514305
2588,95,94.1307749581468
2589,95,94.1331821915006
2590,95,94.1355832413976
2591,95,94.1379781348692
2592,95,94.1403668989467
2593,95,94.1427495606616
2594,95,94.1451261470452
2595,95,94.1474966851288
2596,95,94.1498612019438
2597,95,94.1522197245216
2598,95,94.1545722798936
2599,95,94.156918895091
2600,95,94.1592595971453
2601,95,94.1615944130878
2602,95,94.1639233699499
2603,95,94.1662464947629
2604,95,94.1685638145583
2605,95,94.1708753563673
2606,95,94.1731811472213
2607,95,94.1754812141518
2608,95,94.1777755841899
2609,95,94.1800642843672
2610,95,94.182347341715
2611,95,94.1846247832646
2612,95,94.1868966360475
2613,95,94.1891629270948
2614,95,94.1914236834381
2615,95,94.1936789321088
2616,95,94.195928700138
2617,95,94.1981730145573
2618,95,94.2004119023979
2619,95,94.2026453906913
2620,95,94.2048735064687
2621,95,94.2070962767616
2622,95,94.2093137286014
2623,95,94.2115258890193
2624,95,94.2137327850468
2625,95,94.2159344437152
2626,95,94.2181308920558
2627,95,94.2203221571001
2628,95,94.2225082658794
2629,95,94.224689245425
2630,95,94.2268651227684
2631,95,94.2290359249408
2632,95,94.2312016789736
2633,95,94.2333624118983
2634,95,94.2355181507462
2635,95,94.2376689225485
2636,95,94.2398147543368
2637,95,94.2419556731423
2638,95,94.2440917059964
2639,95,94.2462228799305
2640,95,94.2483492219759
2641,95,94.250470759164
2642,95,94.2525875185262
2643,95,94.2546995270938
2644,95,94.2568068118982
2645,95,94.2589093999707
2646,95,94.2610073183428
2647,95,94.2631005940457
2648,95,94.2651892541108
2649,95,94.2672733255696
2650,95,94.2693528354533
2651,95,94.2714278107933
2652,95,94.273498278621
2653,95,94.2755642659677
2654,95,94.2776257998649
2655,95,94.2796829073438
2656,95,94.2817356154358
2657,95,94.2837839511723
2658,95,94.2858279415847
2659,95,94.2878676137043
2660,95,94.2899029945625
2661,95,94.2919341111906
2662,95,94.29396099062
2663,95,94.2959836598821
2664,95,94.2980021460081
2665,95,94.3000164760296
2666,95,94.3020266769778
2667,95,94.3040327758842
2668,95,94.3059335853693
2669,95,94.3077848894643
2670,95,94.3096304581959
2671,95,94.3114703119105
2672,95,94.3133044709547
2673,95,94.315132955675
2674,95,94.3169557864178
2675,95,94.3187729835298
2676,95,94.3205845673574
2677,95,94.3223905582472
2678,95,94.3241909765456
2679,95,94.3259858425992
2680,95,94.3277751767544
2681,95,94.3295589993579
2682,95,94.3313373307561
2683,95,94.3331101912955
2684,95,94.3348776013227
2685,95,94.3366395811841
2686,95,94.3383961512263
2687,95,94.3401473317958
2688,95,94.341893143239
2689,95,94.3436336059026
2690,95,94.3453687401331
2691,95,94.3470985662768
2692,95,94.3488231046804
2693,95,94.3505423756904
2694,95,94.3522563996533
2695,95,94.3539651969156
2696,95,94.3556687878238
2697,95,94.3573671927244
2698,95,94.359060431964
2699,95,94.360748525889
2700,95,94.362431494846
2701,95,94.3641093591815
2702,95,94.365782139242
2703,95,94.367449855374
2704,95,94.3691125279241
2705,95,94.3707701772387
2706,95,94.3724228236643
2707,95,94.3740704875475
2708,95,94.3757131892348
2709,95,94.3773509490727
2710,95,94.3789837874077
2711,95,94.3806117245864
2712,95,94.3822347809552
2713,95,94.3838529768606
2714,95,94.3854663326493
2715,95,94.3870748686676
2716,95,94.3886786052621
2717,95,94.3902775627793
2718,95,94.3918717615658
2719,95,94.393461221968
2720,95,94.3950459643325
2721,95,94.3966260090057
2722,95,94.3982013763342
2723,95,94.3997720866646
2724,95,94.4013381603432
2725,95,94.4028996177167
2726,95,94.4044564791315
2727,95,94.4060087649342
2728,95,94.4075564954713
2729,95,94.4090996910892
2730,95,94.4106383721346
2731,95,94.4121725589539
2732,95,94.4137022718936
2733,95,94.4152275313002
2734,95,94.4167483575203
2735,95,94.4182647709004
2736,95,94.419776791787
2737,95,94.4212844405265
2738,95,94.4227877374656
2739,95,94.4242867029508
2740,95,94.4257813573284
2741,95,94.4272717209451
2742,95,94.4287578141475
2743,95,94.4302396572818
2744,95,94.4317172706948
2745,95,94.433190674733
2746,95,94.4346598897427
2747,95,94.4361249360706
2748,95,94.4375858340631
2749,95,94.4390426040669
2750,95,94.4404952664283
2751,95,94.4419438414939
2752,95,94.4433883496103
2753,95,94.4448288111238
2754,95,94.4462652463811
2755,95,94.4476976757287
2756,95,94.4491261195131
2757,95,94.4505505980807
2758,95,94.4519711317782
2759,95,94.453387740952
2760,95,94.4548004459485
2761,95,94.4562092671145
2762,95,94.4576142247963
2763,95,94.4590153393405
2764,95,94.4604126310936
2765,95,94.461806120402
2766,95,94.4631958276125
2767,95,94.4645817730713
2768,95,94.4659639771251
2769,95,94.4673424601203
2770,95,94.4687172424035
2771,95,94.4700883443212
2772,95,94.4714557862199
2773,95,94.4728195884462
2774,95,94.4741797713464
2775,95,94.4755363552672
2776,95,94.4768893605551
2777,95,94.4782388075566
2778,95,94.4795847166181
2779,95,94.4809271080863
2780,95,94.4822660023075
2781,95,94.4836014196284
2782,95,94.4849333803955
2783,95,94.4862619049552
2784,95,94.4875870136541
2785,95,94.4889087268386
2786,95,94.4902270648554
2787,95,94.4915420480509
2788,95,94.4928536967717
2789,95,94.4941620313642
2790,95,94.4954670721749
2791,95,94.4967688395504
2792,95,94.4980673538373
2793,95,94.4993626353819
2794,95,94.5006547045308
2795,95,94.5019435816306
2796,95,94.5032292870277
2797,95,94.5045118410687
2798,95,94.5057912641001
2799,95,94.5070675764683
2800,95,94.50834079852
2801,95,94.5096109506016
2802,95,94.5108780530596
2803,95,94.5121421262406
2804,95,94.513403190491
2805,95,94.5146612661574
2806,95,94.5159163735863
2807,95,94.5171685331242
2808,95,94.5184177651177
2809,95,94.5196640899131
2810,95,94.5209075278571
2811,95,94.5221480992962
2812,95,94.5233858245769
2813,95,94.5246207240456
2814,95,94.525852818049
2815,95,94.5270821269335
2816,95,94.5283086710456
2817,95,94.5295324707318
2818,95,94.5307535463388
2819,95,94.5319719182129
2820,95,94.5331876067007
2821,95,94.5344006321487
2822,95,94.5356110149034
2823,95,94.5368187753114
2824,95,94.5380239337191
2825,95,94.539226510473
2826,95,94.5404265259198
2827,95,94.5416240004058
2828,95,94.5428189542777
2829,95,94.5440114078819
2830,95,94.5452013815649
2831,95,94.5463888956733
2832,95,94.5475739705535
2833,95,94.5487566265521
2834,95,94.5499368840156
2835,95,94.5511147632905
2836,95,94.5522902847233
2837,95,94.5534634686606
2838,95,94.5546343354488
2839,95,94.5558029054345
2840,95,94.5569691989642
2841,95,94.5581332363843
2842,95,94.5592950380415
2843,95,94.5604546242822
2844,95,94.5616120154529
2845,95,94.5627672319002
2846,95,94.5639202939705
2847,95,94.5650712220104
2848,95,94.5662200363664
2849,95,94.5673667573851
2850,95,94.5685114054128
2851,95,94.5696540007962
2852,95,94.5707945638817
2853,95,94.5719331150159
2854,95,94.5730696745453
2855,95,94.5742042628164
2856,95,94.5753369001757
2857,95,94.5764676069697
2858,95,94.5775964035449
2859,95,94.5787233102479
2860,95,94.5798483474252
2861,95,94.5809715354232
2862,95,94.5820928945886
2863,95,94.5832124452677
2864,95,94.5843302078072
2865,95,94.5854462025535
2866,95,94.5865604498531
2867,95,94.5876729700527
2868,95,94.5887837834986
2869,95,94.5898929105374
2870,95,94.5910003715156
2871,95,94.5921061867797
2872,95,94.5932103766763
2873,95,94.5943129615518
2874,95,94.5954139617528
2875,95,94.5965133976258
2876,95,94.5976112895172
2877,95,94.5987076577737
2878,95,94.5998025227417
2879,95,94.6008959047678
2880,95,94.6019878241984
2881,95,94.60307830138
2882,95,94.6041673566593
2883,95,94.6052550103826
2884,95,94.6063412828966
2885,95,94.6074261945476
2886,95,94.6085097656823
2887,95,94.6095920166472
2888,95,94.6106729677887
2889,95,94.6117526394534
2890,95,94.6128310519879
2891,95,94.6139082257385
2892,95,94.6149841810518
2893,95,94.6160589382744
2894,95,94.6171325177527
2895,95,94.6182049398333
2896,95,94.6192762248627
2897,95,94.6203463931874
2898,95,94.6214154651539
2899,95,94.6224834611087
2900,95,94.6235504013984
2901,95,94.6246163063694
2902,95,94.6256811963683
2903,95,94.6267450917415
2904,95,94.6278080128357
2905,95,94.6288699799973
2906,95,94.6299310135728
2907,95,94.6309911339087
2908,95,94.6320503613516
2909,95,94.6331087162479
2910,95,94.6341662189443
2911,95,94.6352228897871
2912,95,94.636278749123
2913,95,94.6373338172984
2914,95,94.6383881146598
2915,95,94.6394416615537
2916,95,94.6404944783268
2917,95,94.6415465853254
2918,95,94.6425980028961
2919,95,94.6436487513854
2920,95,94.6446988511399
2921,95,94.645748322506
2922,95,94.6467971858303
2923,95,94.6476805878702
2924,95,94.6485491908289
2925,95,94.6494151570589
2926,95,94.6502784987658
2927,95,94.6511392281554
2928,95,94.6519973574333
2929,95,94.6528528988052
2930,95,94.6537058644768
2931,95,94.6545562666538
2932,95,94.6554041175418
2933,95,94.6562494293466
2934,95,94.6570922142738
2935,95,94.6579324845291
2936,95,94.6587702523182
2937,95,94.6596055298468
2938,95,94.6604383293205
2939,95,94.6612686629451
2940,95,94.6620965429262
2941,95,94.6629219814696
2942,95,94.6637449907808
2943,95,94.6645655830656
2944,95,94.6653837705297
2945,95,94.6661995653787
2946,95,94.6670129798184
2947,95,94.6678240260544
2948,95,94.6686327162924
2949,95,94.669439062738
2950,95,94.6702430775971
2951,95,94.6710447730752
2952,95,94.671844161378
2953,95,94.6726412547113
2954,95,94.6734360652806
2955,95,94.6742286052918
2956,95,94.6750188869504
2957,95,94.6758069224622
2958,95,94.6765927240328
2959,95,94.677376303868
2960,95,94.6781576741733
2961,95,94.6789368471546
2962,95,94.6797138350174
2963,95,94.6804886499675
2964,95,94.6812613042106
2965,95,94.6820318099522
2966,95,94.6828001793982
2967,95,94.6835664247542
2968,95,94.6843305582259
2969,95,94.6850925920189
2970,95,94.685852538339
2971,95,94.6866104093918
2972,95,94.687366217383
2973,95,94.6881199745183
2974,95,94.6888716930034
2975,95,94.689621385044
2976,95,94.6903690628457
2977,95,94.6911147386143
2978,95,94.6918584245554
2979,95,94.6926001328747
2980,95,94.6933398757779
2981,95,94.6940776654706
2982,95,94.6948135141587
2983,95,94.6955474340476
2984,95,94.6962794373432
2985,95,94.6970095362511
2986,95,94.697737742977
2987,95,94.6984640697265
2988,95,94.6991885287054
2989,95,94.6999111321194
2990,95,94.7006318921741
2991,95,94.7013508210752
2992,95,94.7020679310284
2993,95,94.7027832342394
2994,95,94.7034967429138
2995,95,94.7042084692574
2996,95,94.7049184254758
2997,95,94.7056266237748
2998,95,94.7063330763599
2999,95,94.7070377954369
3000,95,94.7077407932115
3001,95,94.7084420818893
3002,95,94.7091416736761
3003,95,94.7098395807775
3004,95,94.7105358153992
3005,95,94.7112303897469
3006,95,94.7119233160263
3007,95,94.712614606443
3008,95,94.7133042732027
3009,95,94.7139923285112
3010,95,94.7146787845741
3011,95,94.7153636535971
3012,95,94.7160469477858
3013,95,94.716728679346
3014,95,94.7174088604834
3015,95,94.7180875034036
3016,95,94.7187646203123
3017,95,94.7194402234151
3018,95,94.7201143249179
3019,95,94.7207869370262
3020,95,94.7214580719458
3021,95,94.7221277418823
3022,95,94.7227959590414
3023,95,94.7234627356289
3024,95,94.7241280838503
3025,95,94.7247920159113
3026,95,94.7254545440178
3027,95,94.7261156803752
3028,95,94.7267754371894
3029,95,94.727433826666
3030,95,94.7280908610106
3031,95,94.7287465524291
3032,95,94.729400913127
3033,95,94.73005395531
3034,95,94.7307056911838
3035,95,94.7313561329542
3036,95,94.7320052928267
3037,95,94.7326531830071
3038,95,94.7332998157011
3039,95,94.7339452031143
3040,95,94.7345893574525
3041,95,94.7352322909212
3042,95,94.7358740157263
3043,95,94.7365145440733
3044,95,94.737153888168
3045,95,94.737792060216
3046,95,94.7384290724231
3047,95,94.7390649369949
3048,95,94.739699666137
3049,95,94.7403332720553
3050,95,94.7409657669553
3051,95,94.7415971630428
3052,95,94.7422274725234
3053,95,94.7428567076028
3054,95,94.7434848804867
3055,95,94.7441120033808
3056,95,94.7447380884908
3057,95,94.7453631480224
3058,95,94.7459871941811
3059,95,94.7466102391728
3060,95,94.7472322952031
3061,95,94.7478533744777
3062,95,94.7484734892023
3063,95,94.7490926515825
3064,95,94.749710873824
3065,95,94.7503281681326
3066,95,94.7509445467139
3067,95,94.7515600217736
3068,95,94.7521746055173
3069,95,94.7527883101508
3070,95,94.7534011478798
3071,95,94.7540131309099
3072,95,94.7546242714468
3073,95,94.7552345816962
3074,95,94.7558440738638
3075,95,94.7564527601552
3076,95,94.7570606527762
3077,95,94.7576677639325
3078,95,94.7582741058296
3079,95,94.7588796906733
3080,95,94.7594845306694
3081,95,94.7600886380234
3082,95,94.760692024941
3083,95,94.761294703628
3084,95,94.76189668629
3085,95,94.7624979851327
3086,95,94.7630986123618
3087,95,94.763698580183
3088,95,94.7642979008019
3089,95,94.7648965864243
3090,95,94.7654946492557
3091,95,94.766092101502
3092,95,94.7666889553688
3093,95,94.7672852230618
3094,95,94.7678809167866
3095,95,94.768476048749
3096,95,94.7690706311546
3097,95,94.7696646762091
3098,95,94.7702581961182
3099,95,94.7708512030875
3100,95,94.7714437093229
3101,95,94.7720357270299
3102,95,94.7726272684142
3103,95,94.7732183456815
3104,95,94.7738089710376
3105,95,94.774399156688
3106,95,94.7749889148385
3107,95,94.7755782576947
3108,95,94.7761671974624
3109,95,94.7767557463472
3110,95,94.7773439165548
3111,95,94.7779317202908
3112,95,94.7785191697611
3113,95,94.7791062771712
3114,95,94.7796930547268
3115,95,94.7802795146337
3116,95,94.7808656690975
3117,95,94.7814515303238
3118,95,94.7820371105185
3119,95,94.7826224218871
3120,95,94.7832074766353
3121,95,94.7837922869689
3122,95,94.7843768650934
3123,95,94.7849612232147
3124,95,94.7855453735384
3125,95,94.7861293282701
3126,95,94.7867130996155
3127,95,94.7872966997804
3128,95,94.7878801409704
3129,95,94.7884634353912
3130,95,94.7890465952485
3131,95,94.7896296327479
3132,95,94.7902125600952
3133,95,94.7907953894961
3134,95,94.7913781331561
3135,95,94.791960803281
3136,95,94.7925434120766
3137,95,94.7931259717484
3138,95,94.7937084945021
3139,95,94.7942909925435
3140,95,94.7948734780783
3141,95,94.795455963312
3142,95,94.7960384604504
3143,95,94.7966209816992
3144,95,94.797203539264
3145,95,94.7977861453506
3146,95,94.7983688121646
3147,95,94.7989515519117
3148,95,94.7995343767976
3149,95,94.800117299028
3150,95,94.8007003308086
3151,95,94.801283484345
3152,95,94.8018667718429
3153,95,94.802450205508
3154,95,94.803033797546
3155,95,94.8036175601627
3156,95,94.8042015055635
3157,95,94.8047856459544
3158,95,94.8053699935408
3159,95,94.8059545605286
3160,95,94.8065393591234
3161,95,94.8071244015308
3162,95,94.8077096999567
3163,95,94.8082952666066
3164,95,94.8088811136862
3165,95,94.8094672534012
3166,95,94.8100536979574
3167,95,94.8106404595603
3168,95,94.8112275504157
3169,95,94.8118149827293
3170,95,94.8124027687067
3171,95,94.8129909205536
3172,95,94.8135794504757
3173,95,94.8141683706787
3174,95,94.8147576933683
3175,95,94.8153474307502
3176,95,94.81593759503
3177,95,94.8165048234203
3178,95,94.8169532502222
3179,95,94.8174004664721
3180,95,94.8178464778345
3181,95,94.818291289974
3182,95,94.8187349085553
3183,95,94.8191773392429
3184,95,94.8196185877015
3185,95,94.8200586595956
3186,95,94.8204975605898
3187,95,94.8209352963487
3188,95,94.821371872537
3189,95,94.8218072948192
3190,95,94.8222415688598
3191,95,94.8226747003236
3192,95,94.8231066948751
3193,95,94.8235375581789
3194,95,94.8239672958996
3195,95,94.8243959137017
3196,95,94.82482341725
3197,95,94.825249812209
3198,95,94.8256751042432
3199,95,94.8260992990173
3200,95,94.8265224021958
3201,95,94.8269444194435
3202,95,94.8273653564248
3203,95,94.8277852188044
3204,95,94.8282040122468
3205,95,94.8286217424167
3206,95,94.8290384149786
3207,95,94.8294540355972
3208,95,94.829868609937
3209,95,94.8302821436627
3210,95,94.8306946424388
3211,95,94.8311061119299
3212,95,94.8315165578006
3213,95,94.8319259857156
3214,95,94.8323344013394
3215,95,94.8327418103366
3216,95,94.8331482183718
3217,95,94.8335536311097
3218,95,94.8339580542147
3219,95,94.8343614933515
3220,95,94.8347639541848
3221,95,94.835165442379
3222,95,94.8355659635988
3223,95,94.8359655235088
3224,95,94.8363641277736
3225,95,94.8367617820577
3226,95,94.8371584920258
3227,95,94.8375542633426
3228,95,94.8379491016724
3229,95,94.8383430126801
3230,95,94.83873600203
3231,95,94.839128075387
3232,95,94.8395192384155
3233,95,94.8399094967801
3234,95,94.8402988561455
3235,95,94.8406873221763
3236,95,94.8410749005369
3237,95,94.8414615968921
3238,95,94.8418474169065
3239,95,94.8422323662445
3240,95,94.8426164505709
3241,95,94.8429996755502
3242,95,94.843382046847
3243,95,94.8437635701259
3244,95,94.8441442510515
3245,95,94.8445240952884
3246,95,94.8449031085013
3247,95,94.8452812963546
3248,95,94.845658664513
3249,95,94.8460352186411
3250,95,94.8464109644035
3251,95,94.8467859074647
3252,95,94.8471600534895
3253,95,94.8475334081423
3254,95,94.8479059770877
3255,95,94.8482777659905
3256,95,94.8486487805151
3257,95,94.8490190263261
3258,95,94.8493885090882
3259,95,94.849757234466
3260,95,94.850125208124
3261,95,94.8504924357269
3262,95,94.8508589229391
3263,95,94.8512246754255
3264,95,94.8515896988504
3265,95,94.8519539988786
3266,95,94.8523175811746
3267,95,94.852680451403
3268,95,94.8530426152284
3269,95,94.8534040783155
3270,95,94.8537648463287
3271,95,94.8541249249328
3272,95,94.8544843197923
3273,95,94.8548430365717
3274,95,94.8552010809358
3275,95,94.855558458549
3276,95,94.855915175076
3277,95,94.8562712361814
3278,95,94.8566266475298
3279,95,94.8569814147857
3280,95,94.8573355436139
3281,95,94.8576890396788
3282,95,94.858041908645
3283,95,94.8583941561772
3284,95,94.85874578794
3285,95,94.8590968095979
3286,95,94.8594472268156
3287,95,94.8597970452576
3288,95,94.8601462705885
3289,95,94.860494908473
3290,95,94.8608429645756
3291,95,94.861190444561
3292,95,94.8615373540936
3293,95,94.8618836988382
3294,95,94.8622294844593
3295,95,94.8625747166216
3296,95,94.8629194009895
3297,95,94.8632635432277
3298,95,94.8636071490009
3299,95,94.8639502239735
3300,95,94.8642927738102
3301,95,94.8646348041757
3302,95,94.8649763207344
3303,95,94.865317329151
3304,95,94.86565783509
3305,95,94.8659978442162
3306,95,94.866337362194
3307,95,94.8666763946881
3308,95,94.867014947363
3309,95,94.8673530258834
3310,95,94.8676906359139
3311,95,94.868027783119
3312,95,94.8683644731634
3313,95,94.8687007117116
3314,95,94.8690365044282
3315,95,94.8693718569779
3316,95,94.8697067750253
3317,95,94.8700412642348
3318,95,94.8703753302712
3319,95,94.870708978799
3320,95,94.8710422154828
3321,95,94.8713750459873
3322,95,94.8717074759769
3323,95,94.8720395111164
3324,95,94.8723711570702
3325,95,94.8727024195031
3326,95,94.8730333040795
3327,95,94.8733638164642
3328,95,94.8736939623216
3329,95,94.8740237473164
3330,95,94.8743531771132
3331,95,94.8746822573766
3332,95,94.8750109937712
3333,95,94.8753393919615
3334,95,94.8756674576122
3335,95,94.8759951963878
3336,95,94.8763226139531
3337,95,94.8766497159724
3338,95,94.8769765081105
3339,95,94.877302996032
3340,95,94.8776291854014
3341,95,94.8779550818833
3342,95,94.8782806911424
3343,95,94.8786060188432
3344,95,94.8789310706504
3345,95,94.8792558522284
3346,95,94.879580369242
3347,95,94.8799046273557
3348,95,94.8802286322341
3349,95,94.8805523895418
3350,95,94.8808759049435
3351,95,94.8811991841036
3352,95,94.8815222326868
3353,95,94.8818450563577
3354,95,94.8821676607809
3355,95,94.882490051621
3356,95,94.8828122345426
3357,95,94.8831342152103
3358,95,94.8834559992886
3359,95,94.8837775924422
3360,95,94.8840990003357
3361,95,94.8844202286336
3362,95,94.8847412830006
3363,95,94.8850621691013
3364,95,94.8853828926002
3365,95,94.8857034591619
3366,95,94.8860238744511
3367,95,94.8863441441324
3368,95,94.8866642738702
3369,95,94.8869842693293
3370,95,94.8873041361743
3371,95,94.8876238800696
3372,95,94.88794350668
3373,95,94.88826302167
3374,95,94.8885824307042
3375,95,94.8889017394473
3376,95,94.8892209535637
3377,95,94.8895400787181
3378,95,94.8898591205752
3379,95,94.8901780847994
3380,95,94.8904969770554
3381,95,94.8908158030079
3382,95,94.8911345683212
3383,95,94.8914532786602
3384,95,94.8917719396894
3385,95,94.8920905570733
3386,95,94.8924091364766
3387,95,94.8927276835639
3388,95,94.8930462039997
3389,95,94.8933647034487
3390,95,94.8936831875754
3391,95,94.8940016620445
3392,95,94.8943201325205
3393,95,94.8946386046681
3394,95,94.8949570841518
3395,95,94.8952755766363
3396,95,94.8955940877861
3397,95,94.8959126232658
3398,95,94.89623118874
3399,95,94.8965497898734
3400,95,94.8968684323304
3401,95,94.8971871217758
3402,95,94.8975058638741
3403,95,94.8978246642899
3404,95,94.8981435286878
3405,95,94.8984624627324
3406,95,94.8987814720883
3407,95,94.89910056242
3408,95,94.8994197393923
3409,95,94.8997390086697
3410,95,94.9000583759167
3411,95,94.900377846798
3412,95,94.9006974269781
3413,95,94.9010171221218
3414,95,94.9013369378935
3415,95,94.9016568799578
3416,95,94.9019769539795
3417,95,94.9022971656229
3418,95,94.9026175205528
3419,95,94.9029380244338
3420,95,94.9032586829304
3421,95,94.9035795017072
3422,95,94.9039004864289
3423,95,94.90422164276
3424,95,94.9045429763651
3425,95,94.9048644929089
3426,95,94.9051861980558
3427,95,94.9055080974706
3428,95,94.9058301968178
3429,95,94.906152501762
3430,95,94.9064750179678
3431,95,94.9067977510998
3432,95,94.9071013714783
3433,95,94.9073754967791
3434,95,94.9076489886989
3435,95,94.9079218477944
3436,95,94.9081940746225
3437,95,94.9084656697398
3438,95,94.9087366337031
3439,95,94.9090069670693
3440,95,94.9092766703949
3441,95,94.9095457442369
3442,95,94.9098141891519
3443,95,94.9100820056968
3444,95,94.9103491944282
3445,95,94.910615755903
3446,95,94.9108816906779
3447,95,94.9111469993096
3448,95,94.9114116823549
3449,95,94.9116757403706
3450,95,94.9119391739135
3451,95,94.9122019835402
3452,95,94.9124641698076
3453,95,94.9127257332724
3454,95,94.9129866744913
3455,95,94.9132469940212
3456,95,94.9135066924187
3457,95,94.9137657702407
3458,95,94.9140242280439
3459,95,94.9142820663851
3460,95,94.914539285821
3461,95,94.9147958869083
3462,95,94.9150518702039
3463,95,94.9153072362645
3464,95,94.9155619856468
3465,95,94.9158161189076
3466,95,94.9160696366038
3467,95,94.9163225392919
3468,95,94.9165748275288
3469,95,94.9168265018713
3470,95,94.917077562876
3471,95,94.9173280110999
3472,95,94.9175778470995
3473,95,94.9178270714318
3474,95,94.9180756846533
3475,95,94.918323687321
3476,95,94.9185710799915
3477,95,94.9188178632217
3478,95,94.9190640375682
3479,95,94.9193096035878
3480,95,94.9195545618374
3481,95,94.9197989128735
3482,95,94.9200426572531
3483,95,94.9202857955329
3484,95,94.9205283282696
3485,95,94.9207702560199
3486,95,94.9210115793407
3487,95,94.9212522987888
3488,95,94.9214924149207
3489,95,94.9217319282934
3490,95,94.9219708394636
3491,95,94.922209148988
3492,95,94.9224468574234
3493,95,94.9226839653265
3494,95,94.9229204732542
3495,95,94.9231563817631
3496,95,94.92339169141
3497,95,94.9236264027518
3498,95,94.9238605163451
3499,95,94.9240940327467
3500,95,94.9243269525133
3501,95,94.9245592762018
3502,95,94.9247910043689
3503,95,94.9250221375713
3504,95,94.9252526763658
3505,95,94.9254826213091
3506,95,94.9257119729581
3507,95,94.9259407318694
3508,95,94.9261688985999
3509,95,94.9263964737063
3510,95,94.9266234577453
3511,95,94.9268498512737
3512,95,94.9270756548483
3513,95,94.9273008690258
3514,95,94.927525494363
3515,95,94.9277495314167
3516,95,94.9279729807435
3517,95,94.9281958429003
3518,95,94.9284181184438
3519,95,94.9286398079308
3520,95,94.9288609119181
3521,95,94.9290814309623
3522,95,94.9293013656203
3523,95,94.9295207164488
3524,95,94.9297394840046
3525,95,94.9299576688444
3526,95,94.930175271525
3527,95,94.9303922926031
3528,95,94.9306087326356
3529,95,94.9308245921791
3530,95,94.9310398717904
3531,95,94.9312545720263
3532,95,94.9314686934436
3533,95,94.9316822365989
3534,95,94.9318952020491
3535,95,94.932107590351
3536,95,94.9323194020612
3537,95,94.9325306377365
3538,95,94.9327412979337
3539,95,94.9329513832096
3540,95,94.9331608941209
3541,95,94.9333698312244
3542,95,94.9335781950767
3543,95,94.9337859862348
3544,95,94.9339932052553
3545,95,94.934199852695
3546,95,94.9344059291107
3547,95,94.9346114350591
3548,95,94.934816371097
3549,95,94.9350207377811
3550,95,94.9352245356682
3551,95,94.9354277653151
3552,95,94.9356304272785
3553,95,94.9358325221151
3554,95,94.9360340503818
3555,95,94.9362350126353
3556,95,94.9364354094323
3557,95,94.9366352413296
3558,95,94.936834508884
3559,95,94.9370332126522
3560,95,94.937231353191
3561,95,94.9374289310571
3562,95,94.9376259468074
3563,95,94.9378224009985
3564,95,94.9380182941872
3565,95,94.9382136269303
3566,95,94.9384083997845
3567,95,94.9386026133066
3568,95,94.9387962680534
3569,95,94.9389893645815
3570,95,94.9391819034479
3571,95,94.9393738852092
3572,95,94.9395653104221
3573,95,94.9397561796435
3574,95,94.9399464934302
3575,95,94.9401362523387
3576,95,94.940325456926
3577,95,94.9405141077488
3578,95,94.9407022053638
3579,95,94.9408897503278
3580,95,94.9410767431976
3581,95,94.9412631845299
3582,95,94.9414490748814
3583,95,94.941634414809
3584,95,94.9418192048694
3585,95,94.9420034456193
3586,95,94.9421871376155
3587,95,94.9423702814148
3588,95,94.942552877574
3589,95,94.9427349266497
3590,95,94.9429164291987
3591,95,94.9430973857779
3592,95,94.9432777969439
3593,95,94.9434576632535
3594,95,94.9436369852635
3595,95,94.9438157635306
3596,95,94.9439939986117
3597,95,94.9441716910634
3598,95,94.9443488414425
3599,95,94.9445254503057
3600,95,94.9447015182099
