5.164,19.278003189329926,21.68933938357767
6.709,18.95810583477075,21.625079150673496
8.254,19.45134929133366,21.70111845677589
9.801,22.071498775521842,22.036312200758886
11.347000000000001,25.125080590100907,22.47313387524654
12.894,28.448239378977544,23.08019110155118
14.440999999999999,32.276798444258766,23.717491733871164
15.988,36.13122259129219,24.311265878875492
17.535,39.23306111550752,24.885078225676253
19.084,42.47818870408351,25.573290627548946
20.631,45.75132200026191,26.217372064736203
22.178,48.78013389546532,26.780499622543303
23.725,50.53117540273695,27.343699068681165
25.272,53.37723557058186,27.836926967960114
26.82,55.72632541040083,28.321079586208974
28.368000000000002,56.530026587275806,28.844236567286167
29.916,58.50396409740409,29.30469360376559
31.463,60.4840052503371,29.716904984715253
33.01,61.51558032429698,30.108527098973365
34.559,63.264023756103484,30.353174296351394
36.107,64.52594883810069,30.533529851153652
37.654,63.518231968608006,30.695688212867555
39.201,64.23229128507869,30.811182881487774
40.748000000000005,65.21163279703764,30.96425792278218
42.29600000000001,66.17809106901764,31.15103923146245
43.843,67.11081548551478,31.251638900784723
45.391000000000005,66.67443513220834,31.290603712355463
46.938,66.50663792181238,31.483612641471375
48.485,66.34906132397418,31.56491085621414
50.033,65.80510672170792,31.641160259592322
51.58,66.08507241169772,31.733403988319253
53.126999999999995,66.1880805560225,31.8333317649895
54.674,64.97936210678053,31.955321725973945
56.221000000000004,64.8936649461912,32.02771755614549
57.769,64.59804850628434,32.145828266622615
59.316,64.23783806005952,32.29931004667713
60.863,63.85890150051251,32.38506646985101
62.41,64.3405227866507,32.298889544529445
63.958,62.71351784910879,32.21830825230688
65.507,61.923384075612084,32.21518159501311
67.054,62.18547780078022,32.24301640229601
68.601,62.11726509191134,32.310134251736976
70.149,61.61371674128508,32.32115615787122
71.696,61.839564640215265,32.37838770849159
73.245,61.49504181212173,32.379272013937054
74.792,61.40463894283527,32.323936312746405
76.339,61.29058418095415,32.236073374063395
77.887,60.838688127943534,32.27138679460613
79.434,60.33858022161606,32.260856464098204
80.983,60.85250855638849,32.208722634258216
82.531,60.631228616231226,32.18662091960235
84.07799999999999,60.88915695741498,32.1913712086747
85.625,61.315157626242254,32.22797355663369
87.17200000000001,60.71748002554163,32.270039740514584
88.72,60.17751157396078,32.29196770292753
90.26700000000001,59.418149306412445,32.28684058516632
91.815,59.241035166978335,32.4064390698416
93.36200000000001,59.09630952169194,32.50538124953215
94.90899999999999,59.454012692138335,32.50293916129148
96.458,59.18660470666801,32.50379768075242
98.005,59.00635273058609,32.508080336230094
99.552,59.19002032972174,32.58978483286747
101.1,59.188951537049526,32.645559019280064
102.648,58.847527621168226,32.65177321789413
104.197,58.625475370226894,32.708602405323525
105.745,58.858375642802365,32.71343179776584
107.29299999999999,58.53447176027729,32.66695627371672
108.84200000000001,59.018113192504586,32.60565427400655
110.39200000000001,58.83676521193321,32.64588553882444
111.94,58.4810661423309,32.69991332147903
113.48899999999999,58.850682113478676,32.77551142473777
115.037,58.790223736166624,32.85190254090162
116.586,58.20660138568347,32.90842346515735
118.134,57.98728147232597,32.973350666198996
119.682,58.21029768564447,33.056026212687186
121.23,58.52615610176691,33.084892435158665
122.779,58.05083324949686,33.11590145986933
124.32799999999999,57.838547610445254,33.133371089555084
125.876,58.23991799617305,33.2131964408675
127.42399999999999,57.82510480244809,33.30355368274852
128.972,58.28040086936234,33.42751586223925
130.52100000000002,58.59773839659455,33.55112061086662
132.069,58.15712557917449,33.532440169278736
133.618,58.28178731768356,33.57022609229257
135.166,58.82492835599026,33.55336813932847
136.715,58.40562734167288,33.44203052562543
138.263,58.795650926356345,33.33242392750004
139.811,58.239742330094366,33.20302215732452
141.36,58.03757507191684,33.16182525340425
142.909,58.4167717753233,33.17700623674142
144.457,59.068149422976056,33.282404189550554
146.005,58.916017672422704,33.57663778986282
147.553,58.572986515399485,33.80707809334148
149.102,58.065183401810316,33.815514642481006
150.651,58.258240184453925,33.942730599121205
152.2,58.34080617003139,34.01566304145591
153.749,58.440010748265706,34.03905046325224
155.298,59.26290534451845,34.059423555036396
156.846,58.458158757893095,34.13726781785448
158.394,57.98931792664267,34.10392729238571
159.942,58.78200612910628,34.12438940099794
161.491,58.76172591467598,34.21167030973993
163.039,59.00585737752041,34.378328456818586
164.58700000000002,58.62771800331809,34.47855886350707
166.136,58.70798420384077,34.51671124041036
167.68400000000003,58.692762773909266,34.57741205840332
169.234,58.97434412101725,34.5902583664799
170.782,58.58513269992961,34.600264144041404
172.331,58.18842694708755,34.57577546025472
173.87900000000002,58.40519142993852,34.566506308443145
175.428,58.198824697698676,34.545223643239055
176.976,58.34478639669506,34.59951293029226
178.524,58.45192593450177,34.6191996673948
180.072,58.408057814527375,34.6402101012389
181.62099999999998,58.222623481212416,34.792186372589356
183.169,58.42616129873675,34.82073588786966
184.717,58.23885585369993,34.836441611163366
186.265,58.403926811753564,34.85163533467424
187.81400000000002,58.5596466949058,34.81526565709432
189.363,58.25290334806265,34.935049735119605
190.912,58.9360580775089,35.101603686093135
192.46,58.612318297804386,35.26407182541961
194.00900000000001,58.86184846275723,35.38108255011242
195.558,58.97564899214117,35.43781721920457
197.106,59.68324514662781,35.4525110863547
198.65400000000002,59.133258710217184,35.470443967523245
200.203,58.86544135140418,35.53736172511756
201.75099999999998,58.88315375001533,35.64706545852048
203.299,59.35224400203428,35.69159857749088
204.847,59.17810248369336,35.72053432716548
206.395,59.216601610872175,35.80278451316202
207.94400000000002,58.403016202373784,35.79910418015086
209.49200000000002,58.47172148052647,35.838460536582936
211.04,58.758639685030836,35.88335079818446
212.588,58.53535221190872,35.93447860162722
214.137,57.95077031601363,35.97330113450952
215.685,58.36819950914053,36.03705915007978
217.233,58.166964117376864,36.15650928078444
218.782,58.74631698363266,36.209269918441436
220.331,58.30377667862447,36.256170096809136
221.88,57.95943528900962,36.293886091527405
223.428,56.92134554360024,36.40266502602363
224.976,57.1171122004687,36.46434527533322
226.524,57.908927429345525,36.42880875374491
228.07299999999998,57.79065002547829,36.26360407514697
229.622,57.81194925643021,36.2499975164929
231.171,58.00562020377813,36.269484215462384
232.72099999999998,58.73145321853122,36.30904064017111
234.27,58.412506865324254,36.44342331353744
235.81900000000002,58.713312723516445,36.62290298889877
237.368,58.64968389587399,36.71646919216727
238.917,58.53937642945115,36.8670814771338
240.465,58.07397075188778,37.02159038808692
242.013,58.322955123983164,37.007982352011666
243.56099999999998,58.56109228360443,36.99696171173474
245.109,58.61614357181029,37.11500066069834
246.658,57.94158353023249,37.30426291953987
248.206,57.7775728576936,37.23514504135197
249.75400000000002,58.01015504332474,37.15813434194517
251.303,58.16598941472492,37.11538766959039
252.852,58.62359472135809,37.05758882252679
254.4,58.71719954291449,36.98793221991535
255.949,59.684138961491186,36.9553882676196
257.497,58.19388201174045,36.89628140406655
259.046,58.418703485454074,36.947431156774435
260.594,57.964047130752874,37.002527849222766
262.142,57.43863572864869,37.12417549189789
263.69,57.727181031582845,37.23203539815902
265.23900000000003,57.641850493852836,37.341627021083674
266.78700000000003,57.46698537142092,37.25289105861437
268.335,58.28830354230502,37.24514683510283
269.884,58.506514619206705,37.23094890129125
271.432,58.45760491468902,37.18091617979727
272.981,57.65053933931998,37.2015190714931
274.529,57.98370498162695,37.219462829570766
276.077,57.38333951982642,37.248840119325564
277.625,57.51178948808999,37.282367077795435
279.17400000000004,57.750775941149016,37.28170215613429
280.722,57.790792132733486,37.33883626266962
282.27,57.97060376605258,37.39724177735499
283.819,57.87419349538991,37.38474663599512
285.368,58.184570082569444,37.38012872981864
286.916,59.241054142992596,37.38847902138904
288.464,58.85181436266674,37.36783341003224
290.012,58.588546675130075,37.37996967322966
291.56,58.04588971739234,37.52303717988142
293.10900000000004,58.174385576048046,37.53704493781253
294.658,58.278839425467076,37.54343324166359
296.20599999999996,57.48846244770349,37.586286859073844
297.754,57.58876190818354,37.62860621015316
299.30400000000003,57.656360424895716,37.71964601141996
300.85200000000003,57.51818997382989,37.79624635069486
302.4,57.500411032487214,37.84784609706263
303.948,57.57564881757155,37.9034524869714
305.498,57.736570800176175,37.89624611466485
307.047,57.67665042845619,37.933104051066316
308.595,57.44220223205218,38.06249519550073
310.144,57.42670718992354,38.20519503726511
311.694,57.390744798911406,38.301160225224955
313.243,56.87861265460339,38.364198737555306
314.79200000000003,56.59530398951267,38.37604268474244
316.342,56.920657046199125,38.36573444013836
317.89,56.8620890810903,38.38071179508994
319.438,57.0069027403954,38.43320174031629
320.986,56.700425526317126,38.44442563694165
322.534,57.087482361107284,38.49225763820109
324.08299999999997,57.20890847647359,38.474227250443384
325.631,57.19007816888488,38.42083378119701
327.18,57.06358706543927,38.367560280793676
328.728,56.63467292023175,38.33983509154438
330.278,56.875038051371355,38.355251759130624
331.82599999999996,57.06157119393116,38.447683277261675
333.374,57.08115316589067,38.500932426825436
334.92199999999997,57.10251070287136,38.48956736178347
336.471,56.681212118929665,38.499722838837144
338.019,57.00085064824312,38.56451484380993
339.56699999999995,57.398785486054,38.6069348231674
341.116,57.19435529350904,38.68776279495227
342.665,56.611698384399546,38.68769310768448
344.213,56.58595961235224,38.67146411149471
345.76099999999997,56.73876742516976,38.675589718944
347.309,56.76649894183981,38.70066354422549
348.85699999999997,56.31152322837543,38.72295513810627
350.406,56.69034750001026,38.77876554783184
351.954,56.86954182615996,38.87612506996926
353.50199999999995,56.98644145657488,38.89810669983031
355.05,56.82071034697179,38.929887881433224
356.599,57.19497875494521,38.85086126333736
358.147,57.191980409120156,38.87699482454916
359.695,56.80709866412805,38.95305583410019
361.24300000000005,57.356985421352,39.04682276709794
362.791,57.2401463018161,39.06818990181676
364.34,56.692407828108955,39.2259876083755
365.88800000000003,56.363939071254904,39.36881946258696
367.436,56.549646582465485,39.50716489636578
368.98400000000004,56.99656415913567,39.39761971464199
370.533,57.31501300311988,39.3308976296224
372.08099999999996,56.62495820474475,39.330491930221946
373.629,56.98955464011836,39.35749521600608
375.17699999999996,57.41505457254088,39.2848572553467
376.726,57.802145262379106,39.26040032545359
378.274,57.31489253173796,39.2978716679553
379.82300000000004,57.451065296514045,39.32064824655452
381.371,56.92679409391303,39.38668368302759
382.92,56.90569781781081,39.42922030510426
384.469,57.01655310993228,39.486033268805706
386.017,57.16829304283322,39.478965953990496
387.565,56.63992317618085,39.44009509303396
389.11300000000006,56.91209502932295,39.45015891059875
390.662,56.78716265971054,39.445857064814845
392.21,56.61166962638258,39.534484545224686
393.75800000000004,56.4541446760362,39.55469235011445
395.30699999999996,56.272206795288994,39.705072069331536
396.856,56.74035371455462,39.823087969713306
398.404,56.947291025691634,39.82068454623078
399.952,57.150057245692395,39.791041415210366
401.5,57.322116992963615,39.642123344077454
403.04900000000004,56.91233864146773,39.582719666026385
404.597,56.64473693881266,39.635937828201335
406.145,55.96870153493135,39.67993838669262
407.69300000000004,55.937353773783485,39.73112434405831
409.24199999999996,57.041332316989966,39.78103322516189
410.79,56.85398841093642,39.79799715719604
412.338,56.85755327808804,39.795967822909034
413.88599999999997,57.25768085608829,39.80199143462944
415.434,56.5610287200193,39.79966846753695
416.983,56.54344208088866,39.83326911841507
418.532,56.43877147261093,39.852951619074624
420.08,56.42459310994613,39.88888619534801
421.629,56.14033535890129,39.907394277630345
423.17800000000005,56.70344590160088,39.95574334412821
424.726,55.59355565027624,39.99628567637113
426.274,56.15204939009616,40.07945915684485
427.82199999999995,56.02081978603753,40.13953317275629
429.371,56.41436089841174,40.152057875889135
430.91900000000004,56.52206777131578,40.10876341691972
432.467,56.70994499458041,40.073924148791576
434.01599999999996,57.144094449782216,40.1302972358647
435.565,56.99945055735498,40.07304371766802
437.11300000000006,56.73078220843555,40.15579686962501
438.661,56.66348325187244,40.12859243831818
440.209,56.77091795171059,40.1184517134953
441.75699999999995,56.54102527752782,40.16852003166072
443.30699999999996,56.69764395077172,40.1104614423255
444.855,56.66586724838344,40.11146221355446
446.403,56.81249491521387,40.03929188174379
447.95099999999996,56.80899100138123,40.010185246873064
449.501,56.649960422892164,40.068875288596
451.04900000000004,56.56785544552274,40.174885644109665
452.597,56.63642151002812,40.249944209766824
454.145,56.5609018927831,40.23866357856003
455.694,56.42518171625153,40.32647150086794
457.24199999999996,56.49760498969597,40.43823222209824
458.79,56.61253251557334,40.57851564259601
460.338,56.7467567414827,40.724340897207476
461.88800000000003,57.44568761257273,40.85208565632113
463.436,57.06016701903437,40.89236048838864
464.98400000000004,56.84427397610883,40.92865840152115
466.533,56.80433209203316,40.966202131202095
468.082,57.279171622213205,41.010393667580885
469.63,57.92210605987804,41.03449790738763
471.17800000000005,56.766798245234476,40.98586783581936
472.726,56.60738559995715,41.001391583743704
474.274,56.659509792242204,41.02862638268412
475.82300000000004,58.08123959450664,41.08156288915022
477.371,56.90273301326311,41.08004786503182
478.91900000000004,56.52909454446825,41.11163334295073
480.467,56.585186537498686,41.114676778391285
482.01599999999996,56.69545632550592,41.1126377221136
483.565,56.21363238001802,41.11529475370077
485.11300000000006,56.29170440418262,41.16763461845298
486.662,56.095249210776565,41.21100102266614
488.211,56.53816601032575,41.24587834236131
489.759,56.54713433993431,41.294551144428056
491.30699999999996,56.674868787260124,41.330929113775724
492.855,56.579140238579335,41.315642067239146
494.404,56.65145827503615,41.306922242438915
495.952,56.60284319972048,41.34811942248048
497.5,56.55860588654012,41.361707811428815
499.048,56.45063278258013,41.388491604727534
500.596,56.451415148333794,41.41649721497093
502.145,56.423581845856866,41.43824341470303
503.69300000000004,56.20109861976165,41.48995277697819
505.241,56.519212746810176,41.56755469539668
506.789,56.374195480621715,41.60020033291188
508.338,56.22024081725892,41.57532068240437
509.88599999999997,56.097451563327425,41.567033980857026
511.434,56.07851955789485,41.60724150884082
512.982,56.13429460938967,41.668634922912666
514.53,56.35065528158984,41.70393257164109
516.0790000000001,56.26007875418244,41.72972408977929
517.627,56.92409157128133,41.74972049719941
519.1759999999999,56.531990065526934,41.76679898263111
520.724,56.51248811313949,41.76758950770496
522.273,56.55840641651629,41.768033198414095
523.822,56.34011679702881,41.75668307272545
525.37,56.06041778215336,41.74341683719453
526.919,55.9661297334268,41.77093011333467
528.4680000000001,56.51256944548624,41.78274983802508
530.016,56.5856488687514,41.796404076760936
531.565,56.43646641149627,41.813857473539386
533.113,56.65137856745569,41.83762131528564
534.6619999999999,56.40649411089911,41.87111486908146
536.21,56.479554993653785,41.874552926815284
537.758,56.56732799428021,41.88152378935892
539.306,56.065889127441125,41.94914572139422
540.855,56.42036986273566,41.997939648592414
542.403,56.83700931843898,42.091041559106145
543.951,56.6023570003051,42.15263857250687
545.499,56.37133382809939,42.04626945719055
547.047,56.32713208618542,41.946557835790934
548.596,56.40169299182216,41.827645850903245
550.145,56.24790103145209,41.915589945337025
551.693,56.29104222654213,41.969805882846316
553.241,56.39737740129197,41.95349010135321
554.79,56.39189332518109,41.9031440262909
556.3380000000001,56.40472176797824,41.905049032021786
557.886,56.31703930739211,41.95947922083353
559.434,56.33257933215033,41.96347462833002
560.984,56.4136800653919,41.90609931225133
562.5319999999999,56.408063261552186,41.779097809037765
564.08,56.30708055485026,41.66491616924335
565.628,56.37097307484252,41.80036343248902
567.1759999999999,56.15921232696576,41.98478398435431
568.726,56.007828006039034,42.139676971844985
570.274,55.144823238406815,42.29308462751383
571.822,55.78278382012143,42.387943149878915
573.37,55.901522268740344,42.44941210681968
574.919,56.36134537392876,42.509357621759634
576.467,56.53069114377003,42.58647694181913
578.015,56.93206070658314,42.63718999481603
579.563,56.76690281259858,42.7133980802645
581.112,56.51998954461664,42.69225310738505
582.66,56.14988171542157,42.68150429326965
584.2080000000001,56.241510995085434,42.691115864359354
585.756,56.320069492554964,42.710959961679144
587.304,56.44492691337721,42.73238103618079
588.854,57.07008430534755,42.769972087815425
590.4019999999999,57.40282265585522,42.796048300701436
591.95,56.800671358102946,42.74673557534328
593.498,56.58448646714372,42.748751849003646
595.047,56.54457991402213,42.74771082645635
596.596,56.419341348456356,42.73770730858009
598.144,56.35467786820151,42.76766178523754
599.692,55.98927088877729,42.79152441590543
601.241,56.30022281941463,42.81272868193742
602.79,56.22658513590929,42.850152946210294
604.339,56.73278717904271,42.84299477963207
605.887,56.36563418054461,42.890943925098405
607.436,56.376691691487416,42.92176265360004
608.984,56.782985301866596,42.962906971784335
610.533,56.59338046758463,43.00878611889842
612.081,56.393583335465586,42.96528173126783
613.63,56.35327665369498,42.86066663557868
615.178,56.47198821490963,42.82377354168996
616.726,56.470582629088774,42.816200461403305
618.274,56.47007413521169,42.85412397381675
619.823,56.469679789602225,42.8696192201755
621.372,55.929886631709294,42.98865708128625
622.92,56.313757387700484,43.026925957986094
624.4680000000001,56.25689158177889,43.023025793371765
626.0169999999999,56.287623495685146,43.02099984871588
627.567,55.91436622884211,42.98746300543571
629.116,55.901969859328545,43.173705608125836
630.664,55.96959308207466,43.26120054839674
632.2130000000001,56.221357454870734,43.32440773189616
633.763,56.228855017244456,43.32781730451507
635.312,56.28078153794862,43.332351672202144
636.861,56.17993833826942,43.33866326373276
638.41,56.04820558044106,43.331832843167426
639.9580000000001,56.22165605642177,43.310877613513846
641.507,56.55162949187736,43.41235114961179
643.055,56.46838459440008,43.527112656956284
644.6030000000001,56.79837971893068,43.62707018988632
646.1519999999999,57.43382620366354,43.71509534366455
647.7,56.82798207674662,43.89450137034916
649.249,56.650155510857545,43.88606535796729
650.797,56.74971993098249,43.8928905895748
652.347,56.74107196532414,43.875671236463084
653.895,56.74947184551717,43.88228953600384
655.443,56.51070158451917,43.892114971728205
656.9910000000001,56.67334157869995,43.984259331754025
658.54,57.14907286131669,43.98205226051478
660.0889999999999,57.05367620980053,44.00891753584953
661.637,56.77917223757722,44.07879264525949
663.185,56.85753181443988,44.180148796230775
664.7339999999999,56.9936802813832,44.169295836478106
666.283,57.258673853604336,44.17992435032582
667.831,56.8441439723394,44.145937541739045
669.3789999999999,56.88251662027787,44.12431588061852
670.928,56.4782422585069,44.11770373944489
672.4760000000001,56.76414030094678,44.11939431711976
674.0239999999999,56.56369944126032,44.13538627418742
675.572,56.38435203300897,44.16222520660945
677.12,56.612035587852375,44.17643463809241
678.669,56.93523724702919,44.21315271166239
680.2180000000001,56.8969674684689,44.24456900274237
681.7660000000001,56.29972532543729,44.22916056286367
683.314,56.117787569264884,44.19924281209043
684.8639999999999,56.34817057712075,44.18936005266408
686.4119999999999,56.39096907214582,44.22686735744331
687.96,56.18890275191094,44.24953539281837
689.508,56.63183389438731,44.272136578057875
691.057,56.64646412092558,44.26339042329553
692.6060000000001,57.07137735734275,44.24506013077514
694.154,56.80553250036295,44.17997577339179
695.703,56.31724658687285,44.238629273063786
697.252,55.59376154079639,44.29564669247889
698.8,55.79990672541151,44.359231999134266
700.3480000000001,56.1906759863776,44.421267948943644
701.8960000000001,56.28993723537743,44.461903545577286
703.444,56.52767761433542,44.58914420387447
704.993,56.854225991645954,44.583887265849654
706.541,57.03330817996572,44.58062850099409
708.09,56.86334599444811,44.56307163993649
709.638,56.62154920037514,44.590561180218494
711.187,56.75167314602323,44.58791555676007
712.7360000000001,56.63801636063477,44.577775748474785
714.285,56.58289453601964,44.64789166130301
715.8330000000001,56.501434901935596,44.71914306804682
717.383,56.54536309327163,44.70537885824852
718.931,56.58215169657446,44.63195676835923
720.48,56.391293715698474,44.65809707352907
722.028,56.49497655771103,44.68684128123517
723.577,56.51393811177757,44.71656984862411
725.125,56.40038752720003,44.72278322252136
726.673,56.51839324781492,44.73515247247525
728.221,56.71091154183878,44.77128473257869
729.77,56.53529797668042,44.791774465722504
731.319,56.875953028103176,44.82834689943759
732.867,57.04100644604944,44.89201967997699
734.415,57.00744451801222,44.968932738160916
735.965,56.862166680794594,45.04713108589818
737.5139999999999,56.78181418006472,45.12635549194408
739.063,56.64266579685986,45.16188992218372
740.612,56.76937625646179,45.158847258148846
742.1610000000001,56.818139779725534,45.18441578801729
743.71,57.00261483514695,45.230763624334955
745.258,57.06793757000229,45.271465923657715
746.806,56.976111639478,45.31237914782002
748.355,56.862901372715655,45.35939010763643
749.903,56.81574767020884,45.32717640756989
751.451,56.76204652461794,45.31326152082762
752.9989999999999,56.480536858349126,45.32715412259652
754.549,56.49240265840881,45.34351495014041
756.0980000000001,56.538762521268865,45.37045349704961
757.6469999999999,56.6909981549271,45.411845823754966
759.195,56.64460567650556,45.45062603168365
760.7439999999999,56.74388047056151,45.46935237681483
762.2919999999999,57.14167899359985,45.5052517723952
763.84,57.08014347950474,45.540467967905506
765.388,56.68008811269185,45.47647065221901
766.936,56.603511880389036,45.40764895685664
768.485,56.609329537642644,45.36870489030222
770.033,56.62951217120716,45.320941359576075
771.581,57.311027916975995,45.410004294966704
773.1289999999999,56.97790406057197,45.49619014269082
774.678,57.22665071971191,45.59189977779147
776.2260000000001,56.74656692030445,45.65335029516803
777.7739999999999,56.492156720037904,45.71816057636016
779.322,56.61060267621916,45.69781387491634
780.8710000000001,56.683784668001415,45.716001648509106
782.419,56.54723171982286,45.808434465042694
783.967,56.94532213991281,45.81862741313979
785.515,58.075280691247286,45.873227303748564
787.063,57.44267968360555,45.82613300532868
788.612,57.368507749622005,45.78999312588434
790.16,57.18425699689838,45.77687390254805
791.7080000000001,57.1605339517694,45.75611061567438
793.2560000000001,57.12223574077487,45.7592482016551
794.805,57.1489692000457,45.79824893553132
796.3539999999999,57.14332088921014,45.7535442531804
797.9019999999999,57.09659393019584,45.68057248020926
799.45,56.79826561517587,45.75732377246358
800.9989999999999,57.68285951829899,45.81210720259529
802.547,57.232290527504745,45.8297836547304
804.096,57.41653795395138,45.78411945368691
805.645,57.441481683098665,45.65271681193022
807.195,57.88443411706449,45.812353349976135
808.743,57.51815658193936,45.93491832701086
810.2919999999999,57.010464908698374,46.015025394181485
811.84,56.93461368927339,46.07571160207022
813.3889999999999,57.03523669551554,46.125708802840016
814.937,57.066936263839615,46.16070003524931
816.485,56.93994542486095,46.14111558509687
818.033,56.85906247838721,46.12025279839668
819.581,56.97690100297383,46.09510982719167
821.13,56.935994828017165,46.04480273407427
822.678,57.41243023309684,46.10597835119281
824.2260000000001,57.24592061351665,46.12772628597509
825.775,56.78058098798576,46.05562163317965
827.324,55.854216692276154,45.95267108852291
828.873,56.79741921637648,46.00406212641513
830.421,56.96678263637486,46.03445485214631
831.97,57.362151800188414,46.09426562202701
833.52,57.37590146093886,46.13454621259478
835.068,56.75205085339686,46.17260323059681
836.6160000000001,56.83963416870458,46.20240169822151
838.164,56.95744881798929,46.21671835380357
839.7130000000001,56.886567639689694,46.207541183603624
841.262,57.056758476032805,46.206643342859046
842.811,56.91401208129208,46.2138956455007
844.3589999999999,56.77744321162557,46.18573715358284
845.909,56.99107565656053,46.05480675026411
847.457,57.06778855243531,46.26125952849974
849.0060000000001,56.98712333599518,46.38156236487882
850.554,57.02520729416849,46.45604671218551
852.1030000000001,56.978925236422384,46.518451416962336
853.6510000000001,57.03876948700538,46.52595689610008
855.199,57.17370561806113,46.53144177926669
856.747,56.89862009158108,46.53569526042582
858.296,57.08332911289467,46.58393379047519
859.8439999999999,56.996012530656934,46.592450455991965
861.3919999999999,57.17970786027995,46.608513970183814
862.94,56.96262336948581,46.599903168539186
864.488,56.82656470065829,46.690559279163544
866.0369999999999,57.11634121526261,46.71079207342741
867.585,57.323497647163,46.72106686562855
869.133,57.08951758664916,46.722862047144936
870.681,57.00876781787017,46.78981741222603
872.23,56.956915436018505,46.91573947141853
873.778,56.915710963890824,47.04968162019975
875.326,56.8832998386734,47.09436908369397
876.8739999999999,57.28709419622563,47.080692228224706
878.424,57.33227631788324,47.09301432505022
879.972,57.21159296999627,47.19641786683101
881.5210000000001,57.016375827839965,47.296428286719994
883.069,57.1235245930853,47.34268723512804
884.6189999999999,57.55944374749187,47.16774950214722
886.1669999999999,57.50179257183786,47.03709239320695
887.715,57.41610685854115,46.97795956366742
889.263,57.17045367707103,46.99335349224428
890.812,56.92549903615326,46.99340255793032
892.3610000000001,57.18172528143422,47.00113546574776
893.909,57.456005303493086,47.040686512514206
895.457,57.75492918405102,47.071703221380616
897.0060000000001,57.445550367345874,47.052605149878666
898.554,57.42186916326629,47.049709302172424
900.102,57.247092888986636,47.07410983099281
901.65,57.191018909124054,47.1293176133211
903.198,57.16730839069048,47.177232946126814
904.747,56.723726206804876,47.178706850220166
906.295,57.086541386038874,47.191505511688256
907.8430000000001,57.182276997569,47.200204235657324
909.3910000000001,57.158340109614194,47.234831696972776
910.941,57.11645012949174,47.218355666689575
912.4889999999999,56.99210776525678,47.20164304104357
914.0369999999999,56.93260002344236,47.1880445304712
915.585,57.04646600402589,47.17560350943787
917.1339999999999,57.03171211947926,47.22008401109855
918.682,57.20436213210735,47.22428872163364
920.2310000000001,57.42992057735252,47.22911051609234
921.779,57.51678096252269,47.28128647011653
923.329,57.182957584854414,47.31350358871367
924.877,57.269415403372506,47.330397441092884
926.425,57.370370408309086,47.403463739551825
927.9730000000001,57.641266128585976,47.41515774770066
929.5210000000001,57.54457595781094,47.4074499402911
931.071,57.60890460856659,47.44397965437982
932.62,57.532970880831755,47.43647754460327
934.169,57.477008817611996,47.39537499037336
935.7180000000001,57.35485190741945,47.431305017850434
937.2669999999999,57.31715216765375,47.44440117299739
938.815,57.30586214844061,47.35597204162409
940.363,57.64233903217128,47.29286269716333
941.913,58.028609319267915,47.29203592414634
943.462,57.689064863847484,47.35337276210405
945.01,57.471259013243106,47.43965538890638
946.559,57.30158362761345,47.52876613689319
948.1080000000001,57.33451160411939,47.60906623319132
949.6569999999999,57.42057815990074,47.716570177854095
951.205,57.4767403105951,47.79624241792299
952.753,57.46629418579697,47.89407908395201
954.303,57.496334028316404,47.96660331928645
955.8510000000001,57.35135887511646,48.00122864881981
957.4,57.48562756492463,48.06049126085229
958.948,57.0126688759999,48.12989652786281
960.4960000000001,57.37527416108964,48.02086915651662
962.045,57.63821907947472,47.973837515455166
963.5930000000001,57.52888647149026,48.006494941736854
965.1410000000001,57.69499087053963,48.041525747369356
966.689,57.43765524701764,48.060948704523454
968.238,57.7310124174661,48.12511260385563
969.7860000000001,57.3792415088817,48.15116310537591
971.334,57.21107042227915,48.17738096064172
972.883,57.38328827034004,48.24207100095144
974.432,57.4681853224172,48.26821000155629
975.9810000000001,57.59648018308325,48.32286850421964
977.529,57.70395816544558,48.42542188563162
979.077,57.540379115834085,48.52156113246658
980.6260000000001,57.531356880965,48.64238550130408
982.175,57.601410416699196,48.52902009827565
983.7230000000001,58.19714408107811,48.47019010914216
985.2710000000001,57.63368231101163,48.42289829651235
986.819,57.36843915756843,48.3688292419723
988.368,57.27016311324809,48.252721061128895
989.916,56.51005398220305,48.19743621956394
991.4639999999999,57.16658029069913,48.18350921963754
993.012,57.278935393035006,48.1226050015611
994.561,57.28187013235845,48.0520036350985
996.1089999999999,57.256889756360394,48.0018345017811
997.658,57.704436985591855,48.12746937086063
999.206,58.77470829181576,48.261373236598715
1000.7560000000001,57.89677100393161,48.31777663834923
1002.305,57.59895962940199,48.30479519550424
1003.8539999999999,57.54590328971062,48.308331091788375
1005.403,57.655909505336744,48.288605211550966
1006.953,57.83660399961811,48.33486587171099
1008.502,57.257601483301045,48.38470436484553
1010.051,57.69112821457053,48.42227007142406
1011.602,57.633678241595454,48.45296814374808
1013.1510000000001,57.61268638612106,48.492726405220694
1014.701,57.3186793008962,48.499783341314874
1016.25,57.59233908476547,48.511125661886474
1017.801,57.561654272611264,48.480903216725814
1019.35,57.71828428902837,48.56735780994403
1020.8989999999999,57.90306718813001,48.66782075914484
1022.448,57.9847915763211,48.86581213972623
1023.9989999999999,58.08929100992091,49.07327291862083
1025.548,57.96173917203743,48.983362087662414
1027.098,57.7598786516681,48.91983436247808
1028.6480000000001,57.788790905169364,48.91527577029696
1030.197,57.81584147813886,48.93881448748081
1031.746,58.08284597245692,48.93628327601985
1033.297,57.969299802123246,48.871346611225356
1034.847,57.854675515563684,48.74617188533803
1036.397,57.978209881882435,48.561453384286466
1037.9460000000001,57.83723371491098,48.43018155835028
1039.497,58.04613629400036,48.60972806608238
1041.046,57.81796518643967,48.738875597668155
1042.595,57.83301793927502,48.82469575957157
1044.145,57.91430673748575,48.86802598743201
1045.694,57.49411559319065,48.91538874241007
1047.244,57.572975205376515,48.93331094879719
1048.7939999999999,56.97893428781371,48.970414638705776
1050.344,57.584242472081215,48.980239785356
1051.893,57.7341636859477,49.01599878443105
1053.443,57.79811200819054,49.05405977312282
1054.993,57.32024755684745,49.07687752234747
1056.542,57.073723894036014,49.093490581695114
1058.0910000000001,57.89534826661999,49.129310971094476
1059.64,58.0477259849047,49.09596728379876
1061.19,58.31978079488091,49.07067646494043
1062.739,58.2373600076169,49.049799537904654
1064.288,58.01229857223084,49.03033262014817
1065.837,57.99094132121681,49.055517999095414
1067.387,57.58610075540343,49.07142536712951
1068.9360000000001,56.72873447522607,49.07458814909506
1070.485,57.34756118044615,49.02373469085776
1072.0339999999999,58.101208530701705,49.052555505017345
1073.5839999999998,57.963672838035436,49.0357007283539
1075.133,57.75480578794684,48.90599682946368
1076.682,57.76890066729307,48.82751563493244
1078.232,58.02765979570335,49.07817427364414
1079.782,57.959472174830765,49.19331805169966
1081.3310000000001,57.813485306085475,49.31901121833274
1082.88,57.98081102725617,49.473339170326504
1084.43,57.88763127874285,49.62526987413683
1085.979,57.606036643084416,49.80241933329246
1087.528,57.85724527925078,49.85329785034549
1089.078,57.934842000813596,49.95069416991123
1090.627,57.95830486871756,49.89567197091284
1092.1760000000002,57.90217115159173,49.804055711614076
1093.725,58.018750809672966,49.72741153777153
1095.275,58.21039359016327,49.77845282369137
1096.825,57.95612046612087,49.806249848518895
1098.374,57.61888736512543,49.647895267379766
1099.924,57.77265495691205,49.623051158872364
1101.474,57.560975079374415,49.600084920045624
1103.024,57.75112656546352,49.59871369233126
1104.573,58.15857496886789,49.618740176242284
1106.123,58.30207497465246,49.60980833356592
1107.672,58.3409887278906,49.67135270131146
1109.221,59.50542832837881,49.74172481981433
1110.77,58.50720568743022,49.747596737400485
1112.32,58.474710951455066,49.748806302395174
1113.87,57.987550577192586,49.71099508561111
1115.4189999999999,58.081716449233106,49.699226397842416
1116.97,58.34789557726146,49.71756230942344
1118.519,58.24129907260375,49.721158944962255
1120.068,58.13670279002498,49.71053380737923
1121.618,58.150208154483124,49.68991350705018
1123.1689999999999,57.88688247964743,49.65057567494001
1124.718,58.188457052915425,49.68757987368012
1126.267,58.41066936384792,49.722796999036625
1127.817,58.35676077374351,49.74978345444248
1129.367,58.62120811194088,49.772422193656105
1130.917,58.3794044584922,49.805481420659646
1132.4660000000001,58.352246141241324,49.842207049072044
1134.016,58.0975866591726,49.88788335631061
1135.565,57.97778705251882,49.94908249074367
1137.114,58.147128951505984,49.892163677488554
1138.665,58.173474438164234,49.89886570985837
1140.214,58.45152654969683,49.93418159106095
1141.763,58.37779105642096,49.957149466253846
1143.312,58.51621669450647,49.92359193143772
1144.862,58.26388436460278,49.91069516223417
1146.411,58.1869032967192,49.869121360154864
1147.96,57.828002598305204,49.92957968527335
1149.509,58.06652144485862,49.97702785786811
1151.059,57.899354249079366,49.98232165104199
1152.608,58.17771469815213,49.98219408433378
1154.157,58.71431063093569,49.92914465956284
1155.7069999999999,58.33370530433908,49.838561990454295
1157.256,58.09738091947793,49.75065011858512
1158.805,58.057188857659035,49.89304824113351
1160.355,58.289819934598306,50.01717987399977
1161.905,58.398995296557935,50.068963091014524
1163.455,58.49122637785662,50.0803092330008
1165.004,58.15422113131296,50.10033298601178
1166.553,57.2848095161195,50.118965797984615
1168.103,58.20889097064626,50.1806153882436
1169.652,58.40759134995361,50.181921705184486
1171.202,58.72576151937365,50.20652617241076
1172.752,58.69866479716683,50.22199769002612
1174.3010000000002,58.70030683773897,50.19459106109989
1175.85,58.73321594150794,50.131873697684064
1177.399,58.5709117274685,50.161512512557266
1178.9489999999998,58.77954671649163,50.19280780855149
1180.498,58.510167227835126,50.277744661379025
1182.047,58.11786676228684,50.33933535897992
1183.597,58.50754438491313,50.446873714904186
1185.146,58.631686788078795,50.543890274642855
1186.695,58.82001562214458,50.63283347070027
1188.244,58.53105196699945,50.57110481491634
1189.7939999999999,58.55165421467112,50.56421153307002
1191.343,58.236062735067456,50.57519046274313
1192.892,58.33013623918061,50.58259966514056
1194.441,58.301241052216675,50.59901603803807
1195.991,58.3666405986087,50.6037800106947
1197.54,58.488456802630736,50.63210951644994
1199.089,58.45392381973531,50.66505910904893
1200.64,59.1645032393031,50.69585892733337
1202.1889999999999,59.435494507631134,50.52462351077635
1203.739,58.91428583070917,50.425995990598715
1205.288,58.33808694789732,50.47931075179532
1206.838,58.26705363866336,50.53828175161735
1208.387,58.23767564970452,50.55815649452379
1209.9360000000001,58.558856867412736,50.57201057282606
1211.485,58.06222065304994,50.5703265618977
1213.035,58.261882499447665,50.57588380254277
1214.585,58.35666173330091,50.67293536372261
1216.135,58.63106862925788,50.67256728847421
1217.685,58.830134387369185,50.646669257411915
1219.234,59.26036668348265,50.69799003403501
1220.7839999999999,58.62874933233143,50.774920956978654
1222.335,58.457125524935726,50.72162432617685
1223.884,58.481240801743546,50.661367147883254
1225.433,58.47647196350864,50.550946833191205
1226.982,58.435476283195754,50.39749716912506
1228.532,58.29513144980716,50.155917362236536
1230.0810000000001,58.59381228723558,50.2490028319707
1231.63,58.48263570893982,50.40957090665321
1233.1789999999999,58.20614702657285,50.49525689424389
1234.73,58.43183696120153,50.518389747269296
1236.28,58.413998396066624,50.47078712022483
1237.829,58.66407051776017,50.5225785930873
1239.379,58.61246398411301,50.61071240815718
1240.928,58.59544593834085,50.72340922629261
1242.4769999999999,58.58681317148106,50.80638067260141
1244.026,58.573273546646625,50.942068905472
1245.576,58.672555457252884,51.04927776690062
1247.125,58.621799005637264,51.09019547968837
1248.674,58.48142869132921,51.03473817988423
1250.225,58.85136933583408,50.98284034008006
1251.775,58.79229376929534,51.009049235934015
1253.325,58.76754460563691,51.05814297602392
1254.874,58.73901479569022,51.05373196318771
1256.425,58.66277611281243,50.99518151759754
1257.974,58.69859305118771,51.029463196898945
1259.5230000000001,58.763038282849266,51.05359566836297
1261.073,58.67818857372312,51.13148305809182
1262.622,58.72912552637481,51.070015114075794
1264.171,58.85570256427674,51.04020410689201
1265.72,58.62152462773203,51.13272495776925
1267.27,58.435886130967354,51.1939831278256
1268.819,58.290105306937434,51.26876408677474
1270.368,58.57561124682215,51.26566916347693
1271.917,58.561810839333006,51.3223829151721
1273.4669999999999,58.36603094280391,51.38807265023691
1275.016,58.22572899809442,51.411758336125935
1276.565,58.47918086416833,51.47454604696681
1278.116,58.42342532474199,51.399857995906736
1279.6660000000002,59.06582271616532,51.34529345209071
1281.215,58.90112820728019,51.278540882703325
1282.764,58.93833583582379,51.27920445056347
1284.3139999999999,58.9575837917131,51.29989749011135
1285.863,58.84993297458448,51.396834979693885
1287.412,58.86535741909776,51.405547047140715
1288.962,58.889030846719834,51.338798053333214
1290.511,59.23455550388775,51.30065317358024
1292.06,58.971202096941724,51.2554080117698
1293.609,58.879069981926555,51.22676836432995
1295.1589999999999,58.73931396592728,51.16888667558877
1296.7089999999998,58.96803703035974,51.048974124396366
1298.258,59.363108036272685,51.11164827351552
1299.808,59.40882650094282,51.20045893577616
1301.357,58.898435010670596,51.220270696564185
1302.906,58.58579886009935,51.209905497289135
1304.455,58.80559985957086,51.186577025044265
1306.005,58.66448774699842,51.331101817548536
1307.5539999999999,58.08376362920776,51.43693611912026
1309.103,58.37108372633121,51.53801301485269
1310.653,58.72166170161722,51.64312057113949
1312.204,58.85923594024683,51.59759758511274
1313.753,58.99563373255352,51.564678602361944
1315.3029999999999,59.06371941709198,51.55113788835208
1316.854,58.7525993065716,51.59675386553399
1318.4029999999998,58.83041412445182,51.66636326975802
1319.9520000000002,58.862674658972445,51.72249972660342
1321.501,58.62190190709085,51.78475126861523
1323.0510000000002,58.83057950752923,51.82610365588612
1324.6,58.85538169944378,51.86977312223267
1326.15,59.011648722400835,51.94074814787325
1327.7,58.708535098727445,51.81902454249778
1329.25,58.926674388103265,51.70579370009113
1330.799,59.108898514780925,51.65670601013689
1332.349,58.827507415492796,51.68772012169327
1333.9,58.63466225415978,51.708334222543975
1335.4489999999998,58.91091494434606,51.617916975047784
1336.999,58.98841140055937,51.55453821458365
1338.55,58.9864753020992,51.42562520647933
1340.099,58.90212557856517,51.42701833700387
1341.648,59.021213675730635,51.43949327270211
1343.1979999999999,59.11137589109626,51.405852007415696
1344.7479999999998,59.17286199265413,51.36873620139567
1346.297,58.86921940419327,51.17892015395862
1347.8470000000002,58.02546913386216,51.37312243671261
1349.3970000000002,58.63748679446732,51.51165873199911
1350.9470000000001,59.0454697931983,51.578491053182404
1352.496,59.046147489160916,51.61201264416295
1354.045,59.05629066343026,51.58826971203703
1355.595,58.67578976193943,51.754206389773934
1357.144,58.76612277040568,51.88333813165434
1358.694,58.01903126562992,52.041727238040856
1360.244,58.579219337308785,52.155760431000985
1361.793,58.70708077902862,52.13249259404993
1363.342,58.87663932987946,52.113899963171306
1364.891,59.21039373975415,52.097307332419646
1366.441,59.17521901463677,52.12924826246592
1367.99,59.34824516896734,52.165397587018305
1369.539,59.364596277513925,52.16347451864164
1371.088,60.15788980815093,52.21960549534145
1372.638,59.438998042902874,52.25697462190842
1374.1870000000001,59.05730430599605,52.29246958826966
1375.737,58.84083031231055,52.25925495646022
1377.287,59.149143242684524,52.22449427102611
1378.8370000000002,59.27136930333898,52.19613565634604
1380.386,59.18014141270677,52.15714904971627
1381.935,58.888966257624,52.09041402963401
1383.485,58.64239134110852,51.997839231481436
1385.0339999999999,58.53807421669309,51.879054179699104
1386.5829999999999,58.75413536912222,51.91984570181605
1388.134,58.94576926100855,51.94766534727465
1389.683,58.99231318325007,51.92910578018217
1391.233,59.10400801631999,51.87444622740592
1392.7820000000002,59.31425796255458,51.781577395054086
1394.332,59.09993940523123,51.7335399641949
1395.881,59.116487165909874,51.87162389644533
1397.43,59.250804570537596,51.971092457232736
1398.981,59.293976950136994,52.00453097661026
1400.53,59.31247814660525,52.04869340660869
1402.079,59.334795021689416,52.06101307490878
1403.628,59.81101686670322,52.164126237722286
1405.1779999999999,59.36496594215215,52.24049490175026
1406.727,58.84957469239448,52.28959657119071
1408.276,59.0110101284801,52.31130198949732
1409.825,59.050822427745054,52.21808651896985
1411.375,59.38444989332842,52.29869691844939
1412.924,59.401585531970106,52.37192555954942
1414.473,58.990037843414264,52.44830896597811
1416.023,59.05586496663618,52.41797394848531
1417.5720000000001,59.06913332816749,52.433390702382326
1419.122,58.98868340134534,52.44929532844933
1420.671,59.10637126899259,52.485242502194346
1422.2220000000002,59.1876772521157,52.540649081566954
1423.7720000000002,58.92666605628924,52.53859494124382
1425.3210000000001,59.32260572191257,52.56367683731036
1426.871,59.30683018604071,52.60079859874789
1428.42,59.132200911613616,52.6855174100006
1429.97,58.96096044855135,52.709159423895784
1431.519,59.222323437271505,52.6636155556844
1433.069,59.34868812330409,52.64449126356504
1434.618,59.380649025349776,52.64903484336442
1436.1670000000001,59.52139040660156,52.677900049345325
1437.7179999999998,61.096222269023826,52.70502425050864
1439.267,60.07848972527999,52.67387840157066
1440.816,59.535748308164926,52.62890206929304
1442.366,59.34059851061672,52.575134643998496
1443.9160000000002,60.02401680529447,52.535055693826536
1445.465,59.48183527136328,52.521603534429936
1447.014,59.34280956514442,52.610540650577796
1448.565,59.038739446604616,52.67653391319461
1450.114,59.14845572693585,52.729078781511866
1451.6629999999998,59.14801308759567,52.81746242065947
1453.2120000000002,59.31388152432507,52.961596199642734
1454.7620000000002,59.48572646354746,53.07286603329875
1456.3110000000001,59.497018228714495,53.227713831700726
1457.86,59.58070540805267,53.39949891802532
1459.4089999999999,59.6500814180428,53.142433764325
1460.9589999999998,60.02752894674357,53.048309162661425
1462.5079999999998,60.385774410833804,52.95825783286334
1464.057,59.36715320724865,52.895294034520376
1465.608,58.85225986802017,52.874818701740416
1467.1570000000002,59.1415061249444,52.89388573548315
1468.7060000000001,59.30989294607289,52.85739660921758
1470.256,59.324141854552366,52.833482568754526
1471.806,59.36016541183205,52.81294732432939
1473.355,59.31945711959068,52.88923929573992
1474.904,59.07774793572249,52.909306552847305
1476.455,59.44846349284571,52.90049697662509
1478.004,59.462675162232976,52.92197481733963
1479.5529999999999,59.71196547889594,52.90488777894314
1481.102,59.3175951745488,52.882748608702414
1482.652,59.62779824716442,52.918559035781506
1484.201,59.85762467394892,52.97574492168465
1485.75,59.80664219693064,53.05677906245918
1487.299,59.88906537773881,53.13015549360335
1488.849,59.52352756445636,53.13305050958765
1490.398,59.33279163702474,53.10904624533993
1491.9479999999999,59.17714869474286,53.0733939272375
1493.4979999999998,59.232677819772,53.08139553004949
1495.047,59.169151603601165,53.17592909856732
1496.596,59.02733254616688,53.2554883960376
1498.146,59.00458479068778,53.25813934039851
1499.6960000000001,59.204458688360496,53.25764485757809
1501.245,59.24182737949502,53.253933798776075
1502.7939999999999,59.45138012935656,53.26517728396714
1504.344,59.87862021666521,53.372129990541694
1505.894,59.62625426404146,53.28370518727383
1507.444,59.64527242761214,53.220274003940034
1508.993,59.61081947891607,53.17270962681014
1510.543,59.60842292281845,53.12265741945014
1512.092,59.35724116696029,52.98953411181683
1513.642,59.31737386073302,53.08080481035399
1515.193,59.288860314874924,53.11895375474945
1516.7420000000002,59.504948886220426,53.15839101267603
1518.2910000000002,59.80564394923806,53.19328020253351
1519.84,59.52993147663895,53.228641365259016
1521.39,59.59285426903951,53.30553377235181
1522.9389999999999,59.660171867346655,53.30696320814352
1524.4879999999998,59.83553524999355,53.26335125672147
1526.037,60.25038104508668,53.25475396960755
1527.5870000000002,59.71118046081427,53.21230824096518
1529.136,59.574127472294045,53.293935977133756
1530.6860000000001,59.68978660540097,53.37756889530845
1532.236,59.82051447611677,53.47524054154302
1533.785,59.751869499598854,53.47870193816016
1535.3339999999998,59.23958112174093,53.43161671392504
1536.8829999999998,59.173169711556135,53.40634690339729
1538.433,59.17322803520015,53.387745730155586
1539.9820000000002,59.10127012480343,53.39759725715076
1541.531,59.046665172508526,53.448829796723146
1543.08,59.27947433266651,53.45097296523324
1544.63,59.465282183122305,53.4475007178227
1546.18,59.45905817159095,53.39474786445687
1547.729,59.52837053707566,53.35850553997905
1549.279,59.22563858012152,53.333559007295065
1550.828,59.34731583029883,53.30480800490746
1552.378,59.66502518370564,53.36451882595899
1553.9270000000001,59.40537426915722,53.41193016413939
1555.477,59.43114982343223,53.466813488654715
1557.026,59.48949041192664,53.45073453268418
1558.575,59.60863560334597,53.496631936610235
1560.126,59.97203691671021,53.513267669293974
1561.675,59.661092988381775,53.52749586584802
1563.224,59.736764663966255,53.44352176228575
1564.773,59.76126286953571,53.35861553566018
1566.3229999999999,59.98787055615419,53.47926605889671
1567.872,59.99563716273937,53.530746043233904
1569.421,59.79652117253938,53.544923198775315
1570.97,59.91539218929121,53.610168579020865
1572.52,60.53527957683905,53.69845986049857
1574.07,59.57737338362827,53.737608542535824
1575.62,59.58545330238943,53.793679362934476
1577.17,59.86368407203246,53.85027958950819
1578.719,59.59328423847639,53.915553161844315
1580.2679999999998,59.60509278916454,53.949970990301715
1581.817,59.91729171310844,54.02035596530319
1583.368,59.90197713966697,53.988633607932776
1584.9170000000001,60.08987183098387,53.979736292045956
1586.4660000000001,60.49313148631167,54.03554940956856
1588.016,60.45469086009045,54.04036230377207
1589.565,60.62363789750342,54.03227765273558
1591.114,60.98295401179849,54.01013219416119
1592.6629999999998,61.6547646658404,54.03261019394077
1594.213,60.80957814617668,53.992154237934415
1595.7620000000002,60.579634398882284,53.9318643055186
1597.3110000000001,60.1951546458703,53.86752606075538
1598.86,60.95801244010848,53.7539108565119
1600.41,60.87095799587588,53.58618195963095
1601.9589999999998,60.7853786073845,53.40783173316152
1603.5079999999998,60.1537777439405,53.33276692837021
1605.057,60.11309128713973,53.15594169330888
1606.6070000000002,59.969383425415536,53.29939670750838
1608.1570000000002,59.14724465976659,53.44564262244633
1609.7060000000001,57.858944176673624,53.54234057885094
1611.256,58.78623033917742,53.567432668879206
1612.806,59.32277954281193,53.46265860353827
1614.355,59.17072964118155,53.64459878419551
1615.904,58.65026780232735,53.68331537976482
1617.454,59.1156460088607,53.755602624651715
1619.003,58.712071002040126,53.792724684156376
1620.5520000000001,58.83519324744931,53.85469928362711
1622.102,58.642968231140316,53.8900118371842
1623.652,58.53230003090368,53.93395921088492
1625.201,58.87169518647754,53.992864785007185
1626.75,59.64482509243711,54.03203861998625
1628.3,60.93349550055101,54.05711725413277
1629.849,59.02490800729445,54.04724863578775
1631.398,59.156322159127136,54.00101281601322
1632.9479999999999,58.83555149872497,53.949167314258794
1634.4979999999998,58.89286404002069,53.87130265044015
1636.047,59.00077835543007,53.84830182617934
1637.596,59.04830189728743,53.797718456033024
1639.146,58.538907735804706,53.74249024681508
1640.695,58.84388909715195,53.75380757739087
1642.245,58.8469124642631,53.71099635498369
1643.7939999999999,58.96836032029027,53.74314884026919
1645.344,58.902515816885874,53.81748112923695
1646.894,58.902134225556864,53.890012136949004
1648.444,58.82805222780728,54.01434359267169
1649.994,58.843355032305034,54.13498346897928
1651.543,58.97160483822022,54.13259905022081
1653.092,58.85596873747176,54.14353827195804
1654.641,58.872701348289,54.16937512720043
1656.191,59.66345870033511,54.065625318237814
1657.74,59.87444382175743,53.995778524742406
1659.289,59.69194122844237,53.96848990782245
1660.838,59.666400682741084,53.91220695437284
1662.388,60.035648161350984,53.87350778307062
1663.9370000000001,59.96707036044376,53.982076318226135
1665.486,60.20192786016891,54.03195063921124
1667.036,60.963262212178186,54.129587771678985
1668.585,60.2976698633794,54.18975541712111
1670.134,60.0288197353913,54.20959999160039
1671.684,59.742755009809486,54.253847508774754
1673.234,59.830467645854675,54.31591485973001
1674.7839999999999,59.02585647577151,54.350056215458
1676.3329999999999,59.84698002515053,54.37845024846501
1677.882,60.23232900670497,54.38791620831607
1679.432,60.066960949260945,54.38557151861606
1680.981,59.943105495365764,54.365323401727196
1682.53,59.100358199702654,54.279654014072065
1684.08,59.93646898994714,54.25868322123684
1685.629,60.47459412631226,54.23176755201932
1687.1789999999999,60.69644951570102,54.28136540722229
1688.729,61.3593600425392,54.303821520763435
1690.28,60.635527501377474,54.252007148024596
1691.829,60.2589465967746,54.27961847969414
1693.378,60.08090873674583,54.27983671254107
1694.9279999999999,59.39615892786718,54.24693783576216
1696.4779999999998,59.95267683719844,54.15748309846116
1698.0279999999998,60.374740584588785,54.145364268594776
1699.5770000000002,60.32678701289783,54.306679616971294
1701.128,60.15070784331887,54.41284080376657
1702.6779999999999,60.699392030471216,54.46041777460935
1704.227,60.354096253377314,54.61740767173242
1705.777,60.27686183702563,54.62150617157263
1707.326,60.34876857295827,54.622943681685975
1708.875,60.11083308592249,54.67084803465441
1710.424,60.33609956219313,54.710241290381575
1711.975,61.01727964956623,54.78420173203164
1713.525,60.077553806202836,54.82855083176719
1715.0739999999998,60.104091877003626,54.78779910087625
1716.625,59.798189564263986,54.730903311923655
1718.174,60.38254352273567,54.711547669699556
1719.723,61.063197668516956,54.72694718215551
1721.2720000000002,60.624771890471784,54.84118828394472
1722.8220000000001,60.30147469398026,54.958478067953955
1724.371,60.165215823313694,55.1143978946026
1725.92,60.08317983989484,55.01195700514684
1727.469,60.0676291852197,54.93713590359505
1729.019,59.956044266990524,54.87916893461717
1730.568,60.13091743387408,54.85561485535014
1732.1170000000002,60.30720320193604,54.86308458044576
1733.6670000000001,60.325209575499805,54.88970321798866
1735.2160000000001,60.35123729283334,54.85296962868967
1736.765,60.425362031558016,54.82097988372699
1738.315,59.953439773019745,54.78913112961114
1739.865,60.2566792310001,54.77874015020161
1741.414,60.46242175167088,54.874643005961595
1742.963,61.31858004731296,54.97840818606833
1744.5120000000002,60.8637808315047,55.018634803299534
1746.0629999999999,60.1222542293526,54.98816120041698
1747.612,60.477407390324736,54.95742302133706
1749.162,60.52062247352464,54.910486671884755
1750.7120000000002,60.872742155216564,54.951390369649054
1752.261,61.22908401771054,54.97522788724893
1753.81,61.72259128465534,54.884709394921565
1755.359,60.66496034029363,54.84810606971947
1756.9089999999999,60.13847545121663,54.90331681659255
1758.4579999999999,59.625040475288,54.97051562715395
1760.0079999999998,60.289561870333706,55.01045042520838
1761.558,60.63006519895878,55.02311182915549
1763.1070000000002,60.73970929879496,55.01607703997646
1764.656,60.58715156371954,55.03149943977853
1766.205,60.70735954477559,55.103252847052474
1767.755,60.715720780742956,55.104970502742425
1769.3039999999999,60.625109324034696,55.11171989909691
1770.8529999999998,60.65014600572452,55.04965182804235
1772.402,60.47524249497462,54.9846559545183
1773.9520000000002,60.26221909159669,54.987956087077094
1775.501,60.39135326439132,55.01542262866431
1777.05,60.630352254923785,54.971726765483105
1778.6,60.79290708399536,55.024682497683216
1780.15,60.421032265310316,55.05816803284194
1781.6989999999998,60.20471993572293,55.07700144664361
1783.2479999999998,60.596170042312984,55.08389259015257
1784.7979999999998,60.288844192251624,55.09278267291962
1786.348,60.14910909568353,55.10495084701469
1787.898,60.731675714896404,55.202723691776825
1789.4479999999999,60.53155978396925,55.282183348980965
1790.997,60.65718896512223,55.29145336956902
1792.546,60.74769529365402,55.31963759536662
1794.095,60.64988530077007,55.33338114822611
1795.645,60.78285831958369,55.36631628527173
1797.194,60.72006737910302,55.391527125860655
1798.743,60.99612095682963,55.45005131234907
1800.2920000000001,60.61951492300161,55.556065025138096
1801.842,60.426929695292706,55.66870681708023
1803.391,60.398987411173124,55.81713385964539
1804.94,60.49266447560255,56.02270261977641
1806.491,60.49806026808789,55.755277667854095
1808.04,60.50046939563501,55.63537508276149
1809.589,60.50360126609133,55.58387197572211
1811.138,60.65085388739033,55.54299795877471
1812.6879999999999,60.599256263442044,55.57018138672427
1814.237,60.56191079326231,55.60602403050094
1815.786,60.75846704792364,55.66863279444888
1817.335,60.42915450244787,55.804426331689854
1818.885,60.560459353628765,55.75668359137918
1820.434,60.15356571125613,55.74443498929008
1821.983,60.47583577285502,55.84073847872577
1823.5320000000002,60.48374788888254,55.79614064757969
1825.082,60.328060358534266,55.75530407089406
1826.632,60.47733245935461,55.66199311744036
1828.182,60.45312687946103,55.6351561741799
1829.7320000000002,60.49532508350091,55.620571951093744
1831.281,60.39174940411379,55.50966688411021
1832.8310000000001,60.19848348904157,55.39871388665278
1834.38,60.24923948083707,55.2846981307641
1835.931,60.483592171971665,55.201574276062075
1837.48,60.83125699576856,55.407886354242066
1839.03,61.688968413438154,55.55058478562681
1840.58,61.08234722051403,55.69912277035468
1842.129,61.15682166032898,55.73674286716012
1843.6789999999999,62.24262463029416,55.851592363010354
1845.2279999999998,60.97668072446567,55.97818179905816
1846.7779999999998,60.66025911413134,56.046955509769575
1848.3270000000002,60.59059339527668,55.941189971378755
1849.876,60.66041711597641,55.8226459769353
1851.4270000000001,61.11581577904032,55.774986488031445
1852.976,61.94970456433933,55.77840433022423
1854.525,60.997050748563026,55.71396649626873
1856.0739999999998,61.08687281282761,55.67887643923937
1857.624,60.09406830178167,55.64362471835261
1859.1729999999998,60.0929555821285,55.627599627808436
1860.7220000000002,60.45053174363421,55.703315739802015
1862.273,59.88508817665154,55.75792614558591
1863.8220000000001,60.482277120058896,55.86115915027496
1865.371,60.42088797810621,55.95304811703266
1866.92,60.376263391221556,55.97055531609612
1868.47,60.06413119945497,56.04857423560226
1870.019,58.449588776078954,55.97818616767098
1871.568,58.1277870373163,55.837033327561805
1873.119,58.60323793957902,55.793295619017485
1874.668,60.053704791146835,55.752909807195365
1876.2179999999998,60.539845629634684,55.77337449243277
1877.767,60.51763762052668,55.794324717467
1879.317,60.661162569283675,55.80726408874844
1880.866,60.77568294607117,55.81405439136866
1882.415,60.46782891028823,55.81567264993809
1883.964,60.81871621805489,55.85551729278332
1885.514,61.02905107666073,55.88320611743846
1887.0629999999999,61.48428177426425,55.88977346283919
1888.6129999999998,60.313990620241576,55.913574446770646
1890.164,60.25845011169053,55.958033680528416
1891.714,60.323701655134805,56.018037370923224
1893.263,60.68720159994428,56.06337013963389
1894.8120000000001,60.90781699146172,56.07609420687399
1896.362,61.32523613947901,56.13286072552671
1897.911,62.73614523454263,56.1799668907083
1899.46,62.3242367031874,56.19829123545993
1901.01,61.4261377032034,56.177520687881355
1902.559,60.67606488436578,56.25279654302036
1904.108,60.766784978167024,56.233510493124186
1905.6570000000002,61.12970634503947,56.24350660801289
1907.207,61.32280517606519,56.209402834626225
1908.756,61.07370129561017,56.137802964493865
1910.305,60.861091029632,56.11912452779396
1911.854,60.92731219672412,56.100320123528405
1913.404,61.08177871742357,55.98515864108511
1914.953,60.85405128804182,56.00167501820165
1916.5020000000002,60.54017790452069,55.95080632303336
1918.0510000000002,60.780881528385486,55.91444217412756
1919.601,60.46863938632381,55.9492209771017
1921.15,60.60082419292293,55.959427192129446
1922.6989999999998,60.811264573948556,56.009838867621184
1924.249,60.515540899619474,56.05734965288607
1925.7979999999998,60.16675948763802,56.08433515266476
1927.3470000000002,59.87457779038493,56.11913868123162
1928.896,60.297720818651875,56.14230745610814
1930.4460000000001,60.40940836439053,56.21904579446534
1931.996,60.65876072114795,56.235215018060316
1933.545,60.521272226051934,56.23055181363426
1935.094,60.41653723225693,56.25474506355899
1936.644,60.67600589658181,56.2868153224167
1938.194,60.77535163849648,56.42490246205444
1939.743,60.728964384528325,56.44283135657089
1941.293,60.81955833211751,56.44534026055768
1942.842,60.832485690860686,56.419840492953
1944.391,60.78765111297336,56.418778272648446
1945.941,60.61602141868496,56.39164091291769
1947.491,60.623033474374544,56.302868984951715
1949.04,60.74249741883708,56.34112891025259
1950.589,60.665641714015706,56.36084618240542
1952.139,60.9824054259948,56.39651258882224
1953.6879999999999,60.62539130137095,56.453260000464354
1955.237,60.46144602354119,56.47018859910784
1956.787,60.09956223072406,56.475633511791166
1958.3370000000002,59.39826361854824,56.49483867933033
1959.8870000000002,60.34180338551212,56.49891268054203
1961.4360000000001,60.61063833560856,56.48844170424132
1962.987,60.772674995796855,56.51947324402597
1964.537,60.7232681195706,56.546112432904984
1966.086,60.74048249902245,56.53334323183276
1967.635,60.696850565703755,56.53688245368669
1969.185,60.956315508290025,56.66371444941648
1970.735,60.77898270598499,56.667339556842
1972.2839999999999,60.89263239376999,56.57993413770827
1973.8329999999999,60.97954064359446,56.54719564929141
1975.384,61.373687765064155,56.57592432753461
1976.933,61.12682612255619,56.645793308404684
1978.4820000000002,60.998256025980155,56.653186336812524
1980.0320000000002,61.20574145144702,56.61211683615934
1981.5810000000001,61.36047793508419,56.65480538089632
1983.13,61.700718004189596,56.686674526624785
1984.6789999999999,61.1798143672864,56.69936009895877
1986.229,60.85878990792796,56.75799688933496
1987.779,60.52050492471226,56.75735249576249
1989.328,60.78349239546509,56.79805389720576
1990.879,60.913281444446476,56.74638870233028
1992.4279999999999,61.10971226582756,56.66542683837941
1993.977,61.259508130519116,56.60107319767116
1995.526,61.02361395257443,56.54406823843549
1997.076,61.02424390629413,56.49772060860775
1998.625,60.69266756065211,56.46255583050179
2000.174,60.65774738926648,56.414809123368904
2001.723,60.78872919005367,56.42243078564161
2003.273,61.08712467190967,56.411697115474325
2004.8220000000001,60.580432914796475,56.373869431580765
2006.371,60.47473773381925,56.322209973698044
2007.922,60.46872123450411,56.40036525271082
2009.471,59.98341923748131,56.456990293845436
2011.02,60.67357734167334,56.436923082860964
2012.569,60.49159704196074,56.34303165473494
2014.119,60.21969190986565,56.38195089696151
2015.668,60.64019125480486,56.42115084454842
2017.217,60.70684700028441,56.36555209531069
2018.7679999999998,60.52229104956424,56.33377385606707
2020.317,60.23348154349096,56.532755071090904
2021.866,60.59671960647919,56.76666516808503
2023.415,60.970304054421256,56.9929011677246
2024.965,60.86704012120798,56.88574074741574
2026.514,61.05176762050264,56.79523371723986
2028.0629999999999,60.94666793049844,56.78317779447075
2029.6129999999998,60.68246467208565,56.80467272452033
2031.1629999999998,60.69920788631553,56.84986163604947
2032.7120000000002,60.74552607440519,56.86193702407881
2034.261,60.73876369800366,56.911701294802064
2035.8120000000001,60.8224815964129,56.91135050795065
2037.361,61.2641585655834,56.96299274099947
2038.91,61.173332831724274,56.99779935153819
2040.4589999999998,61.272406455575904,57.108548520850356
2042.009,61.99107768684614,57.14714620244969
2043.558,61.27945863640562,57.16950588351285
2045.1070000000002,61.13670642193435,57.11553526878674
2046.656,60.83490990550329,57.06667765624699
2048.2070000000003,60.47908409035448,57.05331332795063
2049.756,60.79932956598519,57.054814267027396
2051.306,61.0107615988292,57.00089264811936
2052.856,60.86922820846542,56.95429373226065
2054.405,60.66491723554812,56.927017707999646
2055.9539999999997,60.85311017763221,56.864780108023616
2057.5029999999997,61.01529734027664,56.84783473280047
2059.054,60.55435135928977,56.83489436596827
2060.603,60.74679222952644,56.91330595430984
2062.152,60.74952630271002,56.99219322082106
2063.702,60.70533908606723,57.07715147082762
2065.251,60.977318781445504,57.14875018398907
2066.8,60.99881319660119,57.20434168595119
2068.349,60.80291794423828,57.09796752345328
2069.899,60.79628323455196,57.03158879657959
2071.448,60.61455532042349,56.98270490804462
2072.9970000000003,60.74778753022684,57.05795155887536
2074.5460000000003,60.83142120868473,57.130025763527286
2076.096,60.99422970511623,57.24670811273137
2077.645,60.932591191090545,57.1183118276396
2079.194,60.905737029439145,57.0198885487056
2080.744,60.93390827215175,56.937276614640226
2082.2929999999997,60.99889181749387,56.852833972678624
2083.842,61.26233406206521,56.899734704706596
2085.3920000000003,61.14443743779593,56.98976284938159
2086.9429999999998,61.03337327310409,57.00349767187393
2088.492,61.173859966329196,57.03068543329235
2090.041,60.58121919211239,56.96732409052961
2091.591,60.03664756904948,56.87480066728675
2093.14,60.45694449890792,56.89088195125052
2094.689,60.37982292872365,56.980471629069
2096.239,59.48637140080821,57.042790963703624
2097.7889999999998,60.51199628728708,57.124216963657666
2099.3379999999997,60.70924029527789,57.08394723253547
2100.887,60.951506486047705,57.068705948098184
2102.436,61.042119181339295,57.09644405337275
2103.986,60.98202176695444,57.07474951422919
2105.536,60.67868040391283,57.0522995074575
2107.085,60.65045875931245,57.044568894210904
2108.635,60.715327327601116,57.06915043973751
2110.1839999999997,60.480452389351086,57.09217089322129
2111.734,60.70819324417703,57.19320175881282
2113.283,60.62520602459904,57.29757101602449
2114.834,61.012153916625216,57.38144683864766
2116.383,61.04828018001555,57.50869642479356
2117.9320000000002,61.08175838363252,57.72208961512319
2119.4829999999997,60.87158709918393,57.548732060522305
2121.032,60.80243529078613,57.46727864886007
2122.581,60.92180086868651,57.42859925955567
2124.13,61.059336607384054,57.50914310875098
2125.68,60.91869935888941,57.68884450879797
2127.229,61.145594861450085,57.61514155355353
2128.778,61.51968071499859,57.54217839219437
2130.327,61.47754764386242,57.47816178635845
2131.877,61.95514707112175,57.45848512619326
2133.426,61.239681590545146,57.39110835477374
2134.975,61.093426235289876,57.342596146012504
2136.525,61.014035591353164,57.25560845819184
2138.074,60.58672059128511,57.23129841641607
2139.624,60.86263234540535,57.22875799002068
2141.173,61.127199894938734,57.32388084873518
2142.723,60.94093410908678,57.37783537255535
2144.2729999999997,61.00246352522658,57.37248547253941
2145.822,60.85222379720481,57.40921992735256
2147.371,61.244313892673716,57.44152558271898
2148.9210000000003,61.36589468033278,57.499950097826975
2150.47,61.265592071130534,57.49074134999481
2152.019,61.14310513031114,57.50897747518171
2153.57,61.379537334591156,57.48677859501008
2155.119,61.12254330774836,57.497209817035284
2156.6679999999997,61.39297375677384,57.55472171600529
2158.217,61.052090676961264,57.578380532628174
2159.7670000000003,60.7144266768258,57.61043944867789
2161.3160000000003,60.98407357311615,57.69292144378253
2162.866,61.07522498122894,57.77438493882648
2164.417,61.62094338121036,57.67374505331945
2165.966,61.61381125196385,57.62688158037389
2167.515,60.750298185529985,57.59539679380922
2169.064,60.8418773307517,57.58627131881375
2170.614,60.89015513639741,57.560781960403034
2172.163,60.55373911427525,57.55267134847987
2173.7129999999997,59.314639158819325,57.56077248535685
2175.263,60.561648821602674,57.548840831964476
2176.812,60.70259106112779,57.502209923563704
2178.361,60.724344374497655,57.49042945842729
2179.91,61.091527627547876,57.46144455214389
