10.672,18.75,21.29,3,1.5,921,150,2700
12.219,15.84,19.86,3,1.5,921,150,2700
13.765,15.77,19.65,3,1.5,921,150,2700
15.312,19.86,21.72,3,1.5,921,150,2700
16.86,22.44,20.72,3,1.5,921,150,2700
18.408,25.02,21.72,3,1.5,921,150,2700
19.956,29.06,22.51,3,1.5,921,150,2700
21.503,32.88,24.16,3,1.5,921,150,2700
23.05,35.58,23.01,3,1.5,921,150,2700
24.597,37.14,25.52,3,1.5,921,150,2700
26.145,42.93,26.46,3,1.5,921,150,2700
27.693,44.64,29.06,3,1.5,921,150,2700
29.24,47.18,27.61,3,1.5,921,150,2700
30.787,50.77,27.11,3,1.5,921,150,2700
32.334,52.77,28.77,3,1.5,921,150,2700
33.881,55.68,28.77,3,1.5,921,150,2700
35.43,58.01,30.07,3,1.5,921,150,2700
36.977,59.77,30.8,3,1.5,921,150,2700
38.525,61.61,29.57,3,1.5,921,150,2700
40.073,62.26,30.8,3,1.5,921,150,2700
41.62,63.54,31.31,3,1.5,921,150,2700
43.168,62.64,31.09,3,1.5,921,150,2700
44.715,64.64,31.31,3,1.5,921,150,2700
46.263,64.25,31.38,3,1.5,921,150,2700
47.811,65.07,31.31,3,1.5,921,150,2700
49.359,64.16,31.38,3,1.5,921,150,2700
50.908,63.2,31.97,3,1.5,921,150,2700
52.455,64.16,31.68,3,1.5,921,150,2700
54.002,63.68,31.6,3,1.5,921,150,2700
55.549,63.87,30.8,3,1.5,921,150,2700
57.097,62.92,31.13,3,1.5,921,150,2700
58.646,63.3,30.8,3,1.5,921,150,2700
60.193,62.83,32.44,3,1.5,921,150,2700
61.74,62.17,30.8,3,1.5,921,150,2700
63.287,58.59,30.73,3,1.5,921,150,2700
64.834,59.81,31.09,3,1.5,921,150,2700
66.382,59.45,31.13,3,1.5,921,150,2700
67.929,60.04,31.02,3,1.5,921,150,2700
69.476,59.59,29.93,3,1.5,921,150,2700
71.023,57.97,31.09,3,1.5,921,150,2700
72.57,56.91,30.8,3,1.5,921,150,2700
74.118,57.79,30.36,3,1.5,921,150,2700
75.666,55.85,29.93,3,1.5,921,150,2700
77.214,56.55,29.93,3,1.5,921,150,2700
78.761,54.82,30.26,3,1.5,921,150,2700
80.308,55.33,30.26,3,1.5,921,150,2700
81.856,54.82,31.24,3,1.5,921,150,2700
83.403,54.3,29.67,3,1.5,921,150,2700
84.95,53.83,30.22,3,1.5,921,150,2700
86.498,54.13,29.93,3,1.5,921,150,2700
88.046,54.17,30.66,3,1.5,921,150,2700
89.595,53.7,30.07,3,1.5,921,150,2700
91.142,52.94,30.44,3,1.5,921,150,2700
92.689,52.94,30.44,3,1.5,921,150,2700
94.237,52.94,31.02,3,1.5,921,150,2700
95.784,53.11,31.24,3,1.5,921,150,2700
97.332,52.01,30.22,3,1.5,921,150,2700
98.879,52.6,31.68,3,1.5,921,150,2700
100.426,52.69,31.09,3,1.5,921,150,2700
101.974,51.43,30.66,3,1.5,921,150,2700
103.522,52.77,30.8,3,1.5,921,150,2700
105.071,51.76,31.02,3,1.5,921,150,2700
106.619,51.01,29.93,3,1.5,921,150,2700
108.168,52.6,29.09,3,1.5,921,150,2700
109.716,51.81,30.8,3,1.5,921,150,2700
111.265,52.27,31.09,3,1.5,921,150,2700
112.813,52.35,31.38,3,1.5,921,150,2700
114.361,52.77,30.8,3,1.5,921,150,2700
115.91,53.28,31.13,3,1.5,921,150,2700
117.459,51.76,31.97,3,1.5,921,150,2700
119.007,52.35,30.8,3,1.5,921,150,2700
120.555,52.1,31.68,3,1.5,921,150,2700
122.104,53.11,31.71,3,1.5,921,150,2700
123.654,54.39,32,3,1.5,921,150,2700
125.203,50.93,31.31,3,1.5,921,150,2700
126.752,51.93,30.51,3,1.5,921,150,2700
128.3,52.35,30.73,3,1.5,921,150,2700
129.849,52.35,31.6,3,1.5,921,150,2700
131.397,52.1,31.09,3,1.5,921,150,2700
132.945,51.14,32.19,3,1.5,921,150,2700
134.493,51.93,31.38,3,1.5,921,150,2700
136.042,52.01,30.8,3,1.5,921,150,2700
137.59,50.77,31.38,3,1.5,921,150,2700
139.138,52.01,31.24,3,1.5,921,150,2700
140.687,52.35,32.26,3,1.5,921,150,2700
142.236,52.85,32.3,3,1.5,921,150,2700
143.784,52.43,31.42,3,1.5,921,150,2700
145.332,53.7,32.41,3,1.5,921,150,2700
146.881,53.19,31.68,3,1.5,921,150,2700
148.429,54.64,32.85,3,1.5,921,150,2700
149.979,54.99,32.26,3,1.5,921,150,2700
151.527,55.42,32.88,3,1.5,921,150,2700
153.076,54.82,31.9,3,1.5,921,150,2700
154.626,56.03,34.36,3,1.5,921,150,2700
156.174,55.77,34.54,3,1.5,921,150,2700
157.723,57.08,33.62,3,1.5,921,150,2700
159.271,57.61,33.73,3,1.5,921,150,2700
160.819,58.41,32.19,3,1.5,921,150,2700
162.368,58.33,33.07,3,1.5,921,150,2700
163.916,58.01,32.85,3,1.5,921,150,2700
165.464,58.5,31.42,3,1.5,921,150,2700
167.012,58.5,33.95,3,1.5,921,150,2700
168.562,59.04,33.66,3,1.5,921,150,2700
170.11,57.26,34.1,3,1.5,921,150,2700
171.658,58.95,33.77,3,1.5,921,150,2700
173.206,61.61,34.36,3,1.5,921,150,2700
174.756,59.09,34.02,3,1.5,921,150,2700
176.304,58.68,34.02,3,1.5,921,150,2700
177.852,58.41,34.17,3,1.5,921,150,2700
179.4,58.86,34.36,3,1.5,921,150,2700
180.949,59.04,34.95,3,1.5,921,150,2700
182.497,60.13,33.43,3,1.5,921,150,2700
184.046,58.86,34.32,3,1.5,921,150,2700
185.594,59.68,35.13,3,1.5,921,150,2700
187.142,59.09,35.21,3,1.5,921,150,2700
188.692,59.95,34.65,3,1.5,921,150,2700
190.241,59.04,34.61,3,1.5,921,150,2700
191.789,59.77,35.5,3,1.5,921,150,2700
193.337,60.13,35.24,3,1.5,921,150,2700
194.886,60.04,34.36,3,1.5,921,150,2700
196.434,59.77,34.02,3,1.5,921,150,2700
197.982,59.95,35.13,3,1.5,921,150,2700
199.53,58.86,34.91,3,1.5,921,150,2700
201.08,59.41,35.13,3,1.5,921,150,2700
202.629,60.41,35.5,3,1.5,921,150,2700
204.178,59.77,34.76,3,1.5,921,150,2700
205.728,59.45,35.43,3,1.5,921,150,2700
207.277,59.41,36.02,3,1.5,921,150,2700
208.825,58.5,35.95,3,1.5,921,150,2700
210.373,59.31,35.95,3,1.5,921,150,2700
211.921,59.68,34.36,3,1.5,921,150,2700
213.47,59.45,35.21,3,1.5,921,150,2700
215.019,59.45,35.13,3,1.5,921,150,2700
216.567,60.32,35.43,3,1.5,921,150,2700
218.115,60.5,35.73,3,1.5,921,150,2700
219.664,59.04,35.35,3,1.5,921,150,2700
221.213,60.91,34.69,3,1.5,921,150,2700
222.762,59.09,34.84,3,1.5,921,150,2700
224.31,59.45,36.1,3,1.5,921,150,2700
225.86,59.68,34.91,3,1.5,921,150,2700
227.408,58.15,35.84,3,1.5,921,150,2700
228.956,58.59,35.84,3,1.5,921,150,2700
230.504,59.31,36.02,3,1.5,921,150,2700
232.053,60.41,36.1,3,1.5,921,150,2700
233.601,58.95,35.35,3,1.5,921,150,2700
235.149,58.37,36.13,3,1.5,921,150,2700
236.698,59.22,36.4,3,1.5,921,150,2700
238.248,58.59,35.95,3,1.5,921,150,2700
239.796,58.86,36.4,3,1.5,921,150,2700
241.344,59.68,36.1,3,1.5,921,150,2700
242.892,59.41,35.24,3,1.5,921,150,2700
244.441,58.41,36.02,3,1.5,921,150,2700
245.989,59.13,36.4,3,1.5,921,150,2700
247.537,58.59,36.4,3,1.5,921,150,2700
249.085,58.5,36.92,3,1.5,921,150,2700
250.633,59.45,37.29,3,1.5,921,150,2700
252.183,60.22,35.73,3,1.5,921,150,2700
253.731,58.5,36.92,3,1.5,921,150,2700
255.279,59.77,36.62,3,1.5,921,150,2700
256.827,58.59,37.07,3,1.5,921,150,2700
258.376,58.59,36.92,3,1.5,921,150,2700
259.924,58.77,37.29,3,1.5,921,150,2700
261.472,57.88,39.1,3,1.5,921,150,2700
263.02,58.68,36.69,3,1.5,921,150,2700
264.569,57.97,38.49,3,1.5,921,150,2700
266.117,58.24,37.22,3,1.5,921,150,2700
267.666,58.01,35.8,3,1.5,921,150,2700
269.214,58.24,37.22,3,1.5,921,150,2700
270.762,58.5,37.14,3,1.5,921,150,2700
272.312,57.79,38.42,3,1.5,921,150,2700
273.86,58.41,36.92,3,1.5,921,150,2700
275.409,57.61,37.59,3,1.5,921,150,2700
276.958,58.15,37.03,3,1.5,921,150,2700
278.508,58.01,37.52,3,1.5,921,150,2700
280.057,58.37,38.34,3,1.5,921,150,2700
281.605,58.33,38.19,3,1.5,921,150,2700
283.153,57.61,37.29,3,1.5,921,150,2700
284.702,57.66,39.33,3,1.5,921,150,2700
286.25,56.2,38.12,3,1.5,921,150,2700
287.799,58.24,37.59,3,1.5,921,150,2700
289.348,57.61,37.59,3,1.5,921,150,2700
290.898,57.79,37.29,3,1.5,921,150,2700
292.447,57.97,38.04,3,1.5,921,150,2700
293.996,57.26,38.42,3,1.5,921,150,2700
295.544,57.88,36.43,3,1.5,921,150,2700
297.093,58.59,39.33,3,1.5,921,150,2700
298.641,56.47,38.12,3,1.5,921,150,2700
300.189,58.01,38.42,3,1.5,921,150,2700
301.737,57.97,38.49,3,1.5,921,150,2700
303.287,59.45,38.42,3,1.5,921,150,2700
304.835,57.7,37.29,3,1.5,921,150,2700
306.383,59.04,39.02,3,1.5,921,150,2700
307.931,58.24,37.33,3,1.5,921,150,2700
309.48,57.52,38.53,3,1.5,921,150,2700
311.028,57.88,37.82,3,1.5,921,150,2700
312.577,57.26,38.8,3,1.5,921,150,2700
314.126,57.08,39.1,3,1.5,921,150,2700
315.676,56.03,39.44,3,1.5,921,150,2700
317.225,58.24,38.87,3,1.5,921,150,2700
318.773,58.33,37.82,3,1.5,921,150,2700
320.321,55.59,39.33,3,1.5,921,150,2700
321.871,57.92,38.72,3,1.5,921,150,2700
323.419,57.79,38.87,3,1.5,921,150,2700
324.967,57.97,38.53,3,1.5,921,150,2700
326.515,57.13,38.19,3,1.5,921,150,2700
328.063,57.88,38.72,3,1.5,921,150,2700
329.612,58.33,39.02,3,1.5,921,150,2700
331.16,58.37,39.74,3,1.5,921,150,2700
332.708,57.88,38.27,3,1.5,921,150,2700
334.256,56.82,39.4,3,1.5,921,150,2700
335.805,57.97,38.23,3,1.5,921,150,2700
337.353,56.91,38.95,3,1.5,921,150,2700
338.901,57.17,38.95,3,1.5,921,150,2700
340.449,57.44,39.4,3,1.5,921,150,2700
341.998,57.97,39.4,3,1.5,921,150,2700
343.546,57.88,38.27,3,1.5,921,150,2700
345.094,57.79,38.53,3,1.5,921,150,2700
346.642,57.44,39.4,3,1.5,921,150,2700
348.192,57.26,38.8,3,1.5,921,150,2700
349.74,56.91,39.55,3,1.5,921,150,2700
351.288,56.82,40.31,3,1.5,921,150,2700
352.837,57.17,39.55,3,1.5,921,150,2700
354.385,56.91,40.39,3,1.5,921,150,2700
355.934,56.03,40.77,3,1.5,921,150,2700
357.483,58.33,40.62,3,1.5,921,150,2700
359.032,58.33,40.24,3,1.5,921,150,2700
360.58,57.61,40.47,3,1.5,921,150,2700
362.129,58.15,38.42,3,1.5,921,150,2700
363.678,57.79,40.01,3,1.5,921,150,2700
365.226,56.73,40.77,3,1.5,921,150,2700
366.774,57.97,39.1,3,1.5,921,150,2700
368.324,56.47,39.48,3,1.5,921,150,2700
369.873,58.15,40.96,3,1.5,921,150,2700
371.422,56.03,38.42,3,1.5,921,150,2700
372.97,56.2,40.01,3,1.5,921,150,2700
374.519,56.91,39.74,3,1.5,921,150,2700
376.067,57.26,40.31,3,1.5,921,150,2700
377.615,57.44,40.01,3,1.5,921,150,2700
379.163,57.97,40.92,3,1.5,921,150,2700
380.712,57.52,39.7,3,1.5,921,150,2700
382.261,56.95,39.7,3,1.5,921,150,2700
383.81,56.91,40.16,3,1.5,921,150,2700
385.358,57.61,40.77,3,1.5,921,150,2700
386.907,56.2,39.74,3,1.5,921,150,2700
388.456,56.95,40.16,3,1.5,921,150,2700
390.005,57.44,40.24,3,1.5,921,150,2700
391.554,57.44,40.62,3,1.5,921,150,2700
393.103,57.08,41.54,3,1.5,921,150,2700
394.652,58.15,39.63,3,1.5,921,150,2700
396.201,57.52,40.24,3,1.5,921,150,2700
397.75,58.15,40.47,3,1.5,921,150,2700
399.299,57.3,41.15,3,1.5,921,150,2700
400.847,57.83,40.62,3,1.5,921,150,2700
402.396,58.5,40.31,3,1.5,921,150,2700
403.945,57.3,39.55,3,1.5,921,150,2700
405.494,56.38,39.63,3,1.5,921,150,2700
407.042,56.95,40.92,3,1.5,921,150,2700
408.59,56.73,40.47,3,1.5,921,150,2700
410.139,57.17,41.46,3,1.5,921,150,2700
411.688,57.17,40.54,3,1.5,921,150,2700
413.236,56.12,40.62,3,1.5,921,150,2700
414.784,57.44,40.81,3,1.5,921,150,2700
416.332,57.08,40.92,3,1.5,921,150,2700
417.881,56.82,40.66,3,1.5,921,150,2700
419.429,56.73,40.85,3,1.5,921,150,2700
420.977,56.73,40.96,3,1.5,921,150,2700
422.526,57.17,40.92,3,1.5,921,150,2700
424.076,56.95,40.92,3,1.5,921,150,2700
425.624,57.26,41.23,3,1.5,921,150,2700
427.172,57.3,42.08,3,1.5,921,150,2700
428.72,57.17,41.38,3,1.5,921,150,2700
430.268,57.08,40.66,3,1.5,921,150,2700
431.817,55.85,41.23,3,1.5,921,150,2700
433.365,56.95,41.38,3,1.5,921,150,2700
434.913,56.82,41.54,3,1.5,921,150,2700
436.461,56.82,42.19,3,1.5,921,150,2700
438.01,56.47,41.15,3,1.5,921,150,2700
439.558,57.97,43.01,3,1.5,921,150,2700
441.106,56.91,42.08,3,1.5,921,150,2700
442.654,56.91,41.27,3,1.5,921,150,2700
444.203,57.17,41.69,3,1.5,921,150,2700
445.752,58.68,41.23,3,1.5,921,150,2700
447.3,55.85,41.38,3,1.5,921,150,2700
448.848,56.03,41.27,3,1.5,921,150,2700
450.396,56.82,42,3,1.5,921,150,2700
451.945,56.12,41.77,3,1.5,921,150,2700
453.493,57.26,40.54,3,1.5,921,150,2700
455.041,57.08,42.39,3,1.5,921,150,2700
456.589,56.91,41.15,3,1.5,921,150,2700
458.138,55.68,42.08,3,1.5,921,150,2700
459.686,56.55,42.08,3,1.5,921,150,2700
461.234,56.91,42,3,1.5,921,150,2700
462.783,55.68,42.15,3,1.5,921,150,2700
464.332,56.47,42.62,3,1.5,921,150,2700
465.88,56.2,41.38,3,1.5,921,150,2700
467.428,56.55,41.54,3,1.5,921,150,2700
468.976,56.25,42.15,3,1.5,921,150,2700
470.524,56.03,41.23,3,1.5,921,150,2700
472.073,56.2,42.31,3,1.5,921,150,2700
473.621,56.47,42.39,3,1.5,921,150,2700
475.169,56.47,42.39,3,1.5,921,150,2700
476.717,56.47,41.58,3,1.5,921,150,2700
478.266,56.38,41.92,3,1.5,921,150,2700
479.815,56.55,42.7,3,1.5,921,150,2700
481.363,56.82,42.39,3,1.5,921,150,2700
482.911,56.6,42.08,3,1.5,921,150,2700
484.46,57.17,42.54,3,1.5,921,150,2700
486.009,56.6,42.08,3,1.5,921,150,2700
487.557,56.91,42.08,3,1.5,921,150,2700
489.106,56.38,41.46,3,1.5,921,150,2700
490.656,55.51,41.27,3,1.5,921,150,2700
492.205,56.55,42.7,3,1.5,921,150,2700
493.753,56.47,42.7,3,1.5,921,150,2700
495.302,56.73,42.39,3,1.5,921,150,2700
496.851,56.47,42.15,3,1.5,921,150,2700
498.399,56.82,42.46,3,1.5,921,150,2700
499.947,56.99,43.08,3,1.5,921,150,2700
501.496,56.47,42.77,3,1.5,921,150,2700
503.046,57.08,43.24,3,1.5,921,150,2700
504.594,57.52,44.02,3,1.5,921,150,2700
506.143,56.47,43.55,3,1.5,921,150,2700
507.692,57.17,44.02,3,1.5,921,150,2700
509.241,56.73,43.01,3,1.5,921,150,2700
510.789,56.82,42.31,3,1.5,921,150,2700
512.337,56.12,42.46,3,1.5,921,150,2700
513.885,56.38,42.77,3,1.5,921,150,2700
515.435,56.6,42.62,3,1.5,921,150,2700
516.983,55.94,42.7,3,1.5,921,150,2700
518.531,55.68,41.88,3,1.5,921,150,2700
520.08,55.51,43.01,3,1.5,921,150,2700
521.629,55.16,43.63,3,1.5,921,150,2700
523.177,55.51,42.08,3,1.5,921,150,2700
524.725,56.25,43.01,3,1.5,921,150,2700
526.273,55.16,43.01,3,1.5,921,150,2700
527.821,55.16,42.77,3,1.5,921,150,2700
529.37,55.07,43.08,3,1.5,921,150,2700
530.919,56.12,43.12,3,1.5,921,150,2700
532.467,55.2,43.01,3,1.5,921,150,2700
534.016,55.33,42.39,3,1.5,921,150,2700
535.565,54.82,43.01,3,1.5,921,150,2700
537.113,53.83,42.62,3,1.5,921,150,2700
538.661,55.07,43.08,3,1.5,921,150,2700
540.209,54.3,43.24,3,1.5,921,150,2700
541.758,54.82,42.93,3,1.5,921,150,2700
543.306,54.64,43.01,3,1.5,921,150,2700
544.854,54.47,43.86,3,1.5,921,150,2700
546.402,55.51,42.81,3,1.5,921,150,2700
547.95,53.7,42.7,3,1.5,921,150,2700
549.499,55.07,43.55,3,1.5,921,150,2700
551.047,54.64,42.81,3,1.5,921,150,2700
552.595,54.9,42.39,3,1.5,921,150,2700
554.144,55.07,43.12,3,1.5,921,150,2700
555.694,54.17,43.43,3,1.5,921,150,2700
557.242,55.25,44.33,3,1.5,921,150,2700
558.791,55.94,43.94,3,1.5,921,150,2700
560.339,55.2,43.86,3,1.5,921,150,2700
561.889,54.39,43.43,3,1.5,921,150,2700
563.438,54.64,43.43,3,1.5,921,150,2700
564.986,55.42,43.94,3,1.5,921,150,2700
566.534,54.82,43.71,3,1.5,921,150,2700
568.084,55.16,43.55,3,1.5,921,150,2700
569.633,55.16,43.39,3,1.5,921,150,2700
571.181,55.16,43.63,3,1.5,921,150,2700
572.73,55.2,44.02,3,1.5,921,150,2700
574.28,55.2,43.86,3,1.5,921,150,2700
575.828,55.33,43.71,3,1.5,921,150,2700
577.377,54.51,43.86,3,1.5,921,150,2700
578.926,55.33,44.02,3,1.5,921,150,2700
580.475,55.51,44.49,3,1.5,921,150,2700
582.024,55.42,44.25,3,1.5,921,150,2700
583.573,54.73,43.71,3,1.5,921,150,2700
585.121,55.07,44.17,3,1.5,921,150,2700
586.67,55.16,43.39,3,1.5,921,150,2700
588.218,54.86,44.33,3,1.5,921,150,2700
589.766,56.29,44.37,3,1.5,921,150,2700
591.314,54.99,45.2,3,1.5,921,150,2700
592.864,54.86,44.33,3,1.5,921,150,2700
594.413,54.64,44.8,3,1.5,921,150,2700
595.962,55.12,44.96,3,1.5,921,150,2700
597.511,54.47,42.39,3,1.5,921,150,2700
599.061,55.07,43.71,3,1.5,921,150,2700
600.609,55.07,44.17,3,1.5,921,150,2700
602.157,55.42,44.25,3,1.5,921,150,2700
603.705,56.12,44.25,3,1.5,921,150,2700
605.254,55.16,44.8,3,1.5,921,150,2700
606.803,55.55,44.49,3,1.5,921,150,2700
608.352,55.2,44.17,3,1.5,921,150,2700
609.9,54.64,44.64,3,1.5,921,150,2700
611.449,55.42,44.17,3,1.5,921,150,2700
612.998,54.56,44.88,3,1.5,921,150,2700
614.546,55.07,44.68,3,1.5,921,150,2700
616.094,55.55,43.08,3,1.5,921,150,2700
617.644,55.2,44.68,3,1.5,921,150,2700
619.193,54.34,44.68,3,1.5,921,150,2700
620.741,55.42,44.37,3,1.5,921,150,2700
622.289,55.07,44.68,3,1.5,921,150,2700
623.838,55.85,44.64,3,1.5,921,150,2700
625.386,56.12,45.2,3,1.5,921,150,2700
626.934,55.68,44.57,3,1.5,921,150,2700
628.482,54.9,44.25,3,1.5,921,150,2700
630.031,55.68,45.51,3,1.5,921,150,2700
631.58,54.82,44.88,3,1.5,921,150,2700
633.128,55.07,44.96,3,1.5,921,150,2700
634.677,55.9,44.96,3,1.5,921,150,2700
636.227,55.55,45.27,3,1.5,921,150,2700
637.775,55.77,45,3,1.5,921,150,2700
639.323,55.07,45.75,3,1.5,921,150,2700
640.872,56.2,46.78,3,1.5,921,150,2700
642.422,55.55,43.43,3,1.5,921,150,2700
643.971,54.64,45.59,3,1.5,921,150,2700
645.519,55.16,45.27,3,1.5,921,150,2700
647.068,55.42,45,3,1.5,921,150,2700
648.617,56.12,45,3,1.5,921,150,2700
650.166,55.68,45.12,3,1.5,921,150,2700
651.714,55.51,45.04,3,1.5,921,150,2700
653.262,55.33,45.31,3,1.5,921,150,2700
654.812,54.82,44.88,3,1.5,921,150,2700
656.36,55.33,45.2,3,1.5,921,150,2700
657.909,55.51,44.88,3,1.5,921,150,2700
659.457,54.47,45.35,3,1.5,921,150,2700
661.007,56.2,45.51,3,1.5,921,150,2700
662.555,55.68,45.27,3,1.5,921,150,2700
664.103,55.59,45.12,3,1.5,921,150,2700
665.652,56.03,44.57,3,1.5,921,150,2700
667.201,54.82,45.67,3,1.5,921,150,2700
668.749,54.82,45.83,3,1.5,921,150,2700
670.297,56.12,45.75,3,1.5,921,150,2700
671.845,55.2,45.59,3,1.5,921,150,2700
673.395,54.9,45.59,3,1.5,921,150,2700
674.944,55.42,45.67,3,1.5,921,150,2700
676.492,55.59,45.51,3,1.5,921,150,2700
678.04,55.33,45.27,3,1.5,921,150,2700
679.589,55.16,45.59,3,1.5,921,150,2700
681.138,55.77,45.63,3,1.5,921,150,2700
682.687,55.16,45.63,3,1.5,921,150,2700
684.236,55.16,45.59,3,1.5,921,150,2700
685.786,55.85,45.35,3,1.5,921,150,2700
687.335,55.55,45.83,3,1.5,921,150,2700
688.883,56.03,47.83,3,1.5,921,150,2700
690.431,55.55,45.59,3,1.5,921,150,2700
691.98,56.12,44.68,3,1.5,921,150,2700
693.528,55.68,45.31,3,1.5,921,150,2700
695.076,55.42,44.8,3,1.5,921,150,2700
696.625,54.9,44.64,3,1.5,921,150,2700
698.173,55.85,45.51,3,1.5,921,150,2700
699.722,55.42,46.07,3,1.5,921,150,2700
701.271,56.12,44.8,3,1.5,921,150,2700
702.819,54.39,46.7,3,1.5,921,150,2700
704.367,56.55,45.83,3,1.5,921,150,2700
705.917,55.55,46.15,3,1.5,921,150,2700
707.465,57.26,46.15,3,1.5,921,150,2700
709.014,56.38,45.27,3,1.5,921,150,2700
710.562,56.47,45.43,3,1.5,921,150,2700
712.112,55.55,45.91,3,1.5,921,150,2700
713.66,55.77,46.46,3,1.5,921,150,2700
715.208,55.51,46.38,3,1.5,921,150,2700
716.756,56.2,46.15,3,1.5,921,150,2700
718.305,55.42,46.54,3,1.5,921,150,2700
719.853,55.51,45.59,3,1.5,921,150,2700
721.401,55.9,46.23,3,1.5,921,150,2700
722.949,55.94,46.54,3,1.5,921,150,2700
724.497,56.29,46.38,3,1.5,921,150,2700
726.046,55.9,46.9,3,1.5,921,150,2700
727.594,55.33,46.86,3,1.5,921,150,2700
729.142,55.68,46.54,3,1.5,921,150,2700
730.691,55.94,48.72,3,1.5,921,150,2700
732.24,55.77,46.38,3,1.5,921,150,2700
733.788,55.77,46.27,3,1.5,921,150,2700
735.337,54.51,46.38,3,1.5,921,150,2700
736.885,55.55,46.46,3,1.5,921,150,2700
738.434,55.77,46.38,3,1.5,921,150,2700
739.982,55.55,46.78,3,1.5,921,150,2700
741.531,55.42,46.38,3,1.5,921,150,2700
743.08,54.99,46.23,3,1.5,921,150,2700
744.629,56.55,46.78,3,1.5,921,150,2700
746.177,55.51,46.74,3,1.5,921,150,2700
747.726,55.51,45.75,3,1.5,921,150,2700
749.274,55.85,46.78,3,1.5,921,150,2700
750.824,55.77,46.38,3,1.5,921,150,2700
752.372,55.51,46.7,3,1.5,921,150,2700
753.92,54.3,46.27,3,1.5,921,150,2700
755.468,54.39,47.42,3,1.5,921,150,2700
757.017,55.85,46.78,3,1.5,921,150,2700
758.566,55.42,47.5,3,1.5,921,150,2700
760.114,54.82,47.1,3,1.5,921,150,2700
761.662,56.12,47.59,3,1.5,921,150,2700
763.21,55.68,47.22,3,1.5,921,150,2700
764.759,56.2,47.67,3,1.5,921,150,2700
766.307,55.59,47.02,3,1.5,921,150,2700
767.855,55.68,47.02,3,1.5,921,150,2700
769.403,55.85,46.86,3,1.5,921,150,2700
770.952,56.2,46.58,3,1.5,921,150,2700
772.5,55.59,47.18,3,1.5,921,150,2700
774.048,56.47,46.9,3,1.5,921,150,2700
775.596,55.85,47.18,3,1.5,921,150,2700
777.145,55.94,46.54,3,1.5,921,150,2700
778.693,55.33,46.7,3,1.5,921,150,2700
780.242,55.9,47.22,3,1.5,921,150,2700
781.791,56.12,48.15,3,1.5,921,150,2700
783.34,55.77,49.49,3,1.5,921,150,2700
784.888,55.42,46.86,3,1.5,921,150,2700
786.436,56.6,46.15,3,1.5,921,150,2700
787.984,55.42,46.86,3,1.5,921,150,2700
789.532,56.12,47.1,3,1.5,921,150,2700
791.082,55.68,47.75,3,1.5,921,150,2700
792.631,55.42,47.99,3,1.5,921,150,2700
794.179,55.85,47.34,3,1.5,921,150,2700
795.727,56.2,46.94,3,1.5,921,150,2700
797.276,55.42,47.75,3,1.5,921,150,2700
798.824,55.77,47.22,3,1.5,921,150,2700
800.373,56.12,48.39,3,1.5,921,150,2700
801.921,55.42,48.15,3,1.5,921,150,2700
803.471,55.51,47.22,3,1.5,921,150,2700
805.019,55.55,46.94,3,1.5,921,150,2700
806.567,56.55,47.67,3,1.5,921,150,2700
808.115,55.2,47.02,3,1.5,921,150,2700
809.664,55.16,47.5,3,1.5,921,150,2700
811.212,55.51,47.22,3,1.5,921,150,2700
812.761,55.85,47.75,3,1.5,921,150,2700
814.309,56.55,47.22,3,1.5,921,150,2700
815.858,56.55,48.07,3,1.5,921,150,2700
817.406,56.6,48.47,3,1.5,921,150,2700
818.954,56.6,47.83,3,1.5,921,150,2700
820.503,55.33,48.07,3,1.5,921,150,2700
822.051,54.39,47.75,3,1.5,921,150,2700
823.6,55.33,47.1,3,1.5,921,150,2700
825.148,55.55,47.91,3,1.5,921,150,2700
826.696,56.47,48.31,3,1.5,921,150,2700
828.244,55.85,49.29,3,1.5,921,150,2700
829.793,56.91,48.68,3,1.5,921,150,2700
831.341,56.73,48.07,3,1.5,921,150,2700
832.889,55.85,47.83,3,1.5,921,150,2700
834.438,55.68,48.15,3,1.5,921,150,2700
835.987,56.47,49.16,3,1.5,921,150,2700
837.535,56.55,47.55,3,1.5,921,150,2700
839.083,56.2,48.23,3,1.5,921,150,2700
840.631,56.2,48.03,3,1.5,921,150,2700
842.179,55.77,47.5,3,1.5,921,150,2700
843.728,55.94,47.83,3,1.5,921,150,2700
845.277,56.2,48.47,3,1.5,921,150,2700
846.825,56.03,48.23,3,1.5,921,150,2700
848.373,56.29,47.42,3,1.5,921,150,2700
849.922,56.47,48.51,3,1.5,921,150,2700
851.47,55.85,48.39,3,1.5,921,150,2700
853.019,56.25,48.15,3,1.5,921,150,2700
854.567,56.03,48.64,3,1.5,921,150,2700
856.116,55.51,49.29,3,1.5,921,150,2700
857.664,56.38,48.47,3,1.5,921,150,2700
859.212,56.47,47.91,3,1.5,921,150,2700
860.76,56.82,48.19,3,1.5,921,150,2700
862.31,55.85,47.75,3,1.5,921,150,2700
863.859,56.29,48.39,3,1.5,921,150,2700
865.408,56.2,48.23,3,1.5,921,150,2700
866.956,55.2,49.53,3,1.5,921,150,2700
868.505,56.38,48.8,3,1.5,921,150,2700
870.054,56.95,49.04,3,1.5,921,150,2700
871.602,56.38,48.31,3,1.5,921,150,2700
873.15,55.07,48.8,3,1.5,921,150,2700
874.699,56.03,48.72,3,1.5,921,150,2700
876.247,56.29,49.78,3,1.5,921,150,2700
877.795,56.82,48.15,3,1.5,921,150,2700
879.343,56.03,47.99,3,1.5,921,150,2700
880.892,56.12,47.75,3,1.5,921,150,2700
882.441,55.85,48.55,3,1.5,921,150,2700
883.989,55.51,48.8,3,1.5,921,150,2700
885.538,55.55,48.8,3,1.5,921,150,2700
887.087,55.77,48.47,3,1.5,921,150,2700
888.636,56.12,48.64,3,1.5,921,150,2700
890.184,56.2,49.29,3,1.5,921,150,2700
891.732,56.12,48.19,3,1.5,921,150,2700
893.28,55.85,47.91,3,1.5,921,150,2700
894.829,56.12,48.31,3,1.5,921,150,2700
896.378,56.42,48.19,3,1.5,921,150,2700
897.926,56.12,48.47,3,1.5,921,150,2700
899.474,56.2,50.02,3,1.5,921,150,2700
901.023,56.2,49.45,3,1.5,921,150,2700
902.571,56.03,49.16,3,1.5,921,150,2700
904.119,56.25,49.04,3,1.5,921,150,2700
905.667,55.85,48.84,3,1.5,921,150,2700
907.217,55.55,47.91,3,1.5,921,150,2700
908.765,56.12,49.16,3,1.5,921,150,2700
910.313,56.95,49.12,3,1.5,921,150,2700
911.861,56.2,49.04,3,1.5,921,150,2700
913.41,56.47,49.12,3,1.5,921,150,2700
914.96,56.38,49.04,3,1.5,921,150,2700
916.508,56.29,49.45,3,1.5,921,150,2700
918.057,56.55,48.88,3,1.5,921,150,2700
919.607,54.99,48.96,3,1.5,921,150,2700
921.155,56.03,49.04,3,1.5,921,150,2700
922.703,56.47,49.37,3,1.5,921,150,2700
924.251,57.08,49.16,3,1.5,921,150,2700
925.8,56.95,50.02,3,1.5,921,150,2700
927.349,56.47,49.61,3,1.5,921,150,2700
928.897,56.82,49.12,3,1.5,921,150,2700
930.445,56.03,49.94,3,1.5,921,150,2700
931.994,56.2,50.6,3,1.5,921,150,2700
933.543,56.03,48.39,3,1.5,921,150,2700
935.091,55.85,49.7,3,1.5,921,150,2700
936.64,56.38,49.29,3,1.5,921,150,2700
938.189,56.12,49.37,3,1.5,921,150,2700
939.739,56.25,49.16,3,1.5,921,150,2700
941.288,56.29,48.39,3,1.5,921,150,2700
942.836,56.73,48.72,3,1.5,921,150,2700
944.384,56.6,49.29,3,1.5,921,150,2700
945.933,54.73,49.49,3,1.5,921,150,2700
947.481,56.95,49.45,3,1.5,921,150,2700
949.029,56.99,49.53,3,1.5,921,150,2700
950.578,55.59,49.12,3,1.5,921,150,2700
952.128,57.26,48.96,3,1.5,921,150,2700
953.676,56.91,49.65,3,1.5,921,150,2700
955.224,56.47,47.99,3,1.5,921,150,2700
956.772,55.77,50.27,3,1.5,921,150,2700
958.322,56.42,50.02,3,1.5,921,150,2700
959.87,56.38,49.65,3,1.5,921,150,2700
961.418,56.2,49.65,3,1.5,921,150,2700
962.967,56.03,49.37,3,1.5,921,150,2700
964.516,57.52,49.7,3,1.5,921,150,2700
966.065,56.38,51.26,3,1.5,921,150,2700
967.613,56.47,50.35,3,1.5,921,150,2700
969.162,56.47,48.8,3,1.5,921,150,2700
970.711,56.25,49.82,3,1.5,921,150,2700
972.26,56.55,50.19,3,1.5,921,150,2700
973.809,55.85,51.35,3,1.5,921,150,2700
975.358,56.2,50.6,3,1.5,921,150,2700
976.907,56.38,49.7,3,1.5,921,150,2700
978.455,56.2,50.27,3,1.5,921,150,2700
980.004,56.2,49.7,3,1.5,921,150,2700
981.552,57.26,51.1,3,1.5,921,150,2700
983.102,56.6,50.02,3,1.5,921,150,2700
984.65,55.51,51.01,3,1.5,921,150,2700
986.199,57.44,50.02,3,1.5,921,150,2700
987.748,56.2,49.82,3,1.5,921,150,2700
989.297,56.12,49.94,3,1.5,921,150,2700
990.845,56.38,49.7,3,1.5,921,150,2700
992.394,56.47,49.53,3,1.5,921,150,2700
993.942,56.38,50.02,3,1.5,921,150,2700
995.492,56.47,51.76,3,1.5,921,150,2700
997.04,56.03,50.19,3,1.5,921,150,2700
998.589,56.25,49.78,3,1.5,921,150,2700
1000.138,56.55,50.15,3,1.5,921,150,2700
1001.688,56.6,49.78,3,1.5,921,150,2700
1003.237,55.51,51.26,3,1.5,921,150,2700
1004.786,56.47,50.11,3,1.5,921,150,2700
1006.335,56.38,50.68,3,1.5,921,150,2700
1007.885,56.55,49.82,3,1.5,921,150,2700
1009.434,56.6,50.27,3,1.5,921,150,2700
1010.983,56.47,50.35,3,1.5,921,150,2700
1012.533,56.2,50.6,3,1.5,921,150,2700
1014.082,56.29,51.68,3,1.5,921,150,2700
1015.632,56.82,50.77,3,1.5,921,150,2700
1017.181,56.38,50.44,3,1.5,921,150,2700
1018.731,56.55,49.82,3,1.5,921,150,2700
1020.28,57.08,51.26,3,1.5,921,150,2700
1021.829,56.2,50.19,3,1.5,921,150,2700
1023.378,56.95,51.01,3,1.5,921,150,2700
1024.929,56.91,50.64,3,1.5,921,150,2700
1026.479,56.6,49.61,3,1.5,921,150,2700
1028.028,56.47,51.76,3,1.5,921,150,2700
1029.578,56.29,51.18,3,1.5,921,150,2700
1031.127,56.25,50.35,3,1.5,921,150,2700
1032.676,56.82,50.44,3,1.5,921,150,2700
1034.225,56.47,49.94,3,1.5,921,150,2700
1035.776,55.55,50.11,3,1.5,921,150,2700
1037.326,56.55,50.11,3,1.5,921,150,2700
1038.876,54.69,50.52,3,1.5,921,150,2700
1040.427,56.29,50.6,3,1.5,921,150,2700
1041.977,56.03,50.6,3,1.5,921,150,2700
1043.527,55.94,50.52,3,1.5,921,150,2700
1045.078,55.85,50.52,3,1.5,921,150,2700
1046.628,56.6,51.01,3,1.5,921,150,2700
1048.177,56.55,50.93,3,1.5,921,150,2700
1049.728,56.91,50.77,3,1.5,921,150,2700
1051.277,56.77,51.01,3,1.5,921,150,2700
1052.826,55.85,51.76,3,1.5,921,150,2700
1054.375,56.47,50.6,3,1.5,921,150,2700
1055.926,55.68,50.15,3,1.5,921,150,2700
1057.475,56.82,51.18,3,1.5,921,150,2700
1059.024,56.38,50.77,3,1.5,921,150,2700
1060.573,55.77,51.35,3,1.5,921,150,2700
1062.124,56.25,50.02,3,1.5,921,150,2700
1063.673,56.47,51.3,3,1.5,921,150,2700
1065.222,56.2,51.14,3,1.5,921,150,2700
1066.772,56.25,51.01,3,1.5,921,150,2700
1068.321,56.29,51.1,3,1.5,921,150,2700
1069.87,56.91,51.1,3,1.5,921,150,2700
1071.419,56.38,51.35,3,1.5,921,150,2700
1072.969,57.7,51.1,3,1.5,921,150,2700
1074.518,55.85,51.35,3,1.5,921,150,2700
1076.067,56.25,51.76,3,1.5,921,150,2700
1077.618,56.2,51.1,3,1.5,921,150,2700
1079.168,57.17,50.77,3,1.5,921,150,2700
1080.717,56.6,51.35,3,1.5,921,150,2700
1082.267,56.55,51.26,3,1.5,921,150,2700
1083.817,56.6,50.68,3,1.5,921,150,2700
1085.366,55.55,51.14,3,1.5,921,150,2700
1086.916,56.55,50.52,3,1.5,921,150,2700
1088.466,57.17,50.93,3,1.5,921,150,2700
1090.015,56.82,51.47,3,1.5,921,150,2700
1091.564,57.08,51.35,3,1.5,921,150,2700
1093.113,56.2,51.93,3,1.5,921,150,2700
1094.663,56.82,52.1,3,1.5,921,150,2700
1096.213,56.82,51.76,3,1.5,921,150,2700
1097.762,57.61,51.26,3,1.5,921,150,2700
1099.311,56.12,52.43,3,1.5,921,150,2700
1100.861,55.68,52.27,3,1.5,921,150,2700
1102.411,56.55,52.1,3,1.5,921,150,2700
1103.961,57.26,51.68,3,1.5,921,150,2700
1105.511,56.82,51.47,3,1.5,921,150,2700
1107.06,56.2,51.93,3,1.5,921,150,2700
1108.609,56.47,51.43,3,1.5,921,150,2700
1110.158,56.55,51.43,3,1.5,921,150,2700
1111.708,56.25,51.68,3,1.5,921,150,2700
1113.257,56.91,51.68,3,1.5,921,150,2700
1114.806,56.55,51.14,3,1.5,921,150,2700
1116.357,57.48,51.47,3,1.5,921,150,2700
1117.906,57.26,50.68,3,1.5,921,150,2700
1119.455,56.47,51.35,3,1.5,921,150,2700
1121.004,57.3,52.77,3,1.5,921,150,2700
1122.554,56.82,52.27,3,1.5,921,150,2700
1124.104,56.12,51.43,3,1.5,921,150,2700
1125.654,56.25,51.43,3,1.5,921,150,2700
1127.204,57.66,51.68,3,1.5,921,150,2700
1128.754,56.6,51.47,3,1.5,921,150,2700
1130.303,56.91,52.48,3,1.5,921,150,2700
1131.853,56.6,51.68,3,1.5,921,150,2700
1133.404,56.25,53.02,3,1.5,921,150,2700
1134.953,55.85,52.94,3,1.5,921,150,2700
1136.502,56.47,52.18,3,1.5,921,150,2700
1138.053,57.26,52.1,3,1.5,921,150,2700
1139.603,57.61,51.81,3,1.5,921,150,2700
1141.153,56.03,51.68,3,1.5,921,150,2700
1142.702,56.29,53.28,3,1.5,921,150,2700
1144.253,56.73,52.1,3,1.5,921,150,2700
1145.802,57.08,52.48,3,1.5,921,150,2700
1147.351,56.91,51.01,3,1.5,921,150,2700
1148.902,56.55,53.02,3,1.5,921,150,2700
1150.451,56.55,51.1,3,1.5,921,150,2700
1152,56.73,52.14,3,1.5,921,150,2700
1153.549,57.26,52.14,3,1.5,921,150,2700
1155.099,57.88,52.43,3,1.5,921,150,2700
1156.648,56.82,52.01,3,1.5,921,150,2700
1158.197,57.26,52.1,3,1.5,921,150,2700
1159.748,56.91,52.35,3,1.5,921,150,2700
1161.297,56.95,52.69,3,1.5,921,150,2700
1162.847,57.17,52.48,3,1.5,921,150,2700
1164.396,56.82,50.44,3,1.5,921,150,2700
1165.946,56.47,52.35,3,1.5,921,150,2700
1167.495,56.91,52.35,3,1.5,921,150,2700
1169.044,56.03,51.93,3,1.5,921,150,2700
1170.594,56.82,51.14,3,1.5,921,150,2700
1172.143,57.35,52.77,3,1.5,921,150,2700
1173.692,56.29,51.1,3,1.5,921,150,2700
1175.241,56.82,52.35,3,1.5,921,150,2700
1176.791,57.08,52.01,3,1.5,921,150,2700
1178.341,57.97,51.35,3,1.5,921,150,2700
1179.89,56.55,52.27,3,1.5,921,150,2700
1181.441,58.24,52.69,3,1.5,921,150,2700
1182.991,56.82,52.31,3,1.5,921,150,2700
1184.54,56.73,52.69,3,1.5,921,150,2700
1186.09,57.3,51.1,3,1.5,921,150,2700
1187.64,57.79,52.81,3,1.5,921,150,2700
1189.19,56.95,51.1,3,1.5,921,150,2700
1190.739,56.55,52.6,3,1.5,921,150,2700
1192.289,57.88,52.01,3,1.5,921,150,2700
1193.838,56.95,52.1,3,1.5,921,150,2700
1195.387,57.3,51.68,3,1.5,921,150,2700
1196.936,56.73,52.01,3,1.5,921,150,2700
1198.486,56.82,52.27,3,1.5,921,150,2700
1200.036,56.91,54.86,3,1.5,921,150,2700
1201.586,56.55,52.35,3,1.5,921,150,2700
1203.136,56.47,52.69,3,1.5,921,150,2700
1204.685,56.82,52.43,3,1.5,921,150,2700
1206.235,56.38,52.6,3,1.5,921,150,2700
1207.785,56.55,52.27,3,1.5,921,150,2700
1209.336,57.26,52.77,3,1.5,921,150,2700
1210.885,57.52,53.36,3,1.5,921,150,2700
1212.434,56.91,52.43,3,1.5,921,150,2700
1213.984,58.01,53.28,3,1.5,921,150,2700
1215.533,56.95,52.48,3,1.5,921,150,2700
1217.083,56.82,51.93,3,1.5,921,150,2700
1218.632,56.91,51.93,3,1.5,921,150,2700
1220.182,56.6,53.83,3,1.5,921,150,2700
1221.731,56.91,53.62,3,1.5,921,150,2700
1223.281,57.88,52.14,3,1.5,921,150,2700
1224.832,56.25,52.81,3,1.5,921,150,2700
1226.381,57.52,52.69,3,1.5,921,150,2700
1227.93,56.47,52.1,3,1.5,921,150,2700
1229.48,55.94,51.6,3,1.5,921,150,2700
1231.03,56.99,52.48,3,1.5,921,150,2700
1232.58,57.3,54.04,3,1.5,921,150,2700
1234.129,55.68,53.19,3,1.5,921,150,2700
1235.68,57.79,52.94,3,1.5,921,150,2700
1237.23,55.85,52.85,3,1.5,921,150,2700
1238.78,57.97,53.19,3,1.5,921,150,2700
1240.33,56.95,54.13,3,1.5,921,150,2700
1241.879,56.82,52.69,3,1.5,921,150,2700
1243.428,56.47,54.47,3,1.5,921,150,2700
1244.977,57.17,51.93,3,1.5,921,150,2700
1246.527,56.91,53.45,3,1.5,921,150,2700
1248.076,56.91,53.28,3,1.5,921,150,2700
1249.626,56.99,53.28,3,1.5,921,150,2700
1251.175,56.82,52.94,3,1.5,921,150,2700
1252.726,57.88,52.31,3,1.5,921,150,2700
1254.275,56.6,54.04,3,1.5,921,150,2700
1255.824,56.47,53.7,3,1.5,921,150,2700
1257.374,56.47,52.69,3,1.5,921,150,2700
1258.923,56.47,52.48,3,1.5,921,150,2700
1260.472,56.38,52.81,3,1.5,921,150,2700
1262.021,56.91,52.77,3,1.5,921,150,2700
1263.571,56.73,53.19,3,1.5,921,150,2700
1265.121,56.03,51.93,3,1.5,921,150,2700
1266.67,57.44,53.19,3,1.5,921,150,2700
1268.219,56.95,53.45,3,1.5,921,150,2700
1269.769,57.08,53.02,3,1.5,921,150,2700
1271.318,56.47,52.94,3,1.5,921,150,2700
1272.867,57.17,53.36,3,1.5,921,150,2700
1274.418,56.91,53.02,3,1.5,921,150,2700
1275.967,57.7,53.11,3,1.5,921,150,2700
1277.517,57.88,53.45,3,1.5,921,150,2700
1279.066,56.29,53.19,3,1.5,921,150,2700
1280.616,55.9,54.47,3,1.5,921,150,2700
1282.166,56.82,53.02,3,1.5,921,150,2700
1283.715,56.82,53.36,3,1.5,921,150,2700
1285.266,57.08,53.36,3,1.5,921,150,2700
1286.815,57.61,54.39,3,1.5,921,150,2700
1288.364,57.44,52.94,3,1.5,921,150,2700
1289.913,56.25,53.45,3,1.5,921,150,2700
1291.463,56.82,53.45,3,1.5,921,150,2700
1293.013,56.6,53.11,3,1.5,921,150,2700
1294.562,56.99,53.02,3,1.5,921,150,2700
1296.112,56.82,53.7,3,1.5,921,150,2700
1297.661,56.12,53.02,3,1.5,921,150,2700
1299.21,57.44,53.7,3,1.5,921,150,2700
1300.759,57.52,53.45,3,1.5,921,150,2700
1302.31,56.55,52.6,3,1.5,921,150,2700
1303.859,56.99,52.77,3,1.5,921,150,2700
1305.409,57.79,53.45,3,1.5,921,150,2700
1306.959,57.26,52.6,3,1.5,921,150,2700
1308.508,57.26,53.96,3,1.5,921,150,2700
1310.057,57.61,52.77,3,1.5,921,150,2700
1311.607,57.97,53.53,3,1.5,921,150,2700
1313.158,57.08,53.7,3,1.5,921,150,2700
1314.707,56.91,53.53,3,1.5,921,150,2700
1316.256,57.17,53.02,3,1.5,921,150,2700
1317.806,57.08,53.36,3,1.5,921,150,2700
1319.356,56.12,54.17,3,1.5,921,150,2700
1320.906,56.73,53.28,3,1.5,921,150,2700
1322.456,56.73,53.7,3,1.5,921,150,2700
1324.007,57.26,53.83,3,1.5,921,150,2700
1325.556,57.26,53.49,3,1.5,921,150,2700
1327.105,57.17,53.11,3,1.5,921,150,2700
1328.656,57.26,52.81,3,1.5,921,150,2700
1330.205,56.91,53.19,3,1.5,921,150,2700
1331.754,56.12,53.96,3,1.5,921,150,2700
1333.304,56.91,53.53,3,1.5,921,150,2700
1334.854,56.91,53.83,3,1.5,921,150,2700
1336.403,56.55,53.7,3,1.5,921,150,2700
1337.952,56.99,52.43,3,1.5,921,150,2700
1339.503,57.52,53.45,3,1.5,921,150,2700
1341.053,57.52,53.79,3,1.5,921,150,2700
1342.602,56.6,54.86,3,1.5,921,150,2700
1344.151,56.91,53.53,3,1.5,921,150,2700
1345.702,55.9,54.47,3,1.5,921,150,2700
1347.251,57.26,53.02,3,1.5,921,150,2700
1348.8,56.03,53.7,3,1.5,921,150,2700
1350.35,56.95,53.53,3,1.5,921,150,2700
1351.899,57.17,53.96,3,1.5,921,150,2700
1353.448,55.85,54.13,3,1.5,921,150,2700
1354.997,57.44,53.79,3,1.5,921,150,2700
1356.547,57.08,54.04,3,1.5,921,150,2700
1358.097,55.59,54.86,3,1.5,921,150,2700
1359.647,56.82,53.62,3,1.5,921,150,2700
1361.197,57.17,54.39,3,1.5,921,150,2700
1362.746,57.3,54.04,3,1.5,921,150,2700
1364.296,55.94,54.13,3,1.5,921,150,2700
1365.846,56.91,55.51,3,1.5,921,150,2700
1367.397,56.2,53.7,3,1.5,921,150,2700
1368.946,56.95,54.39,3,1.5,921,150,2700
1370.495,56.38,53.7,3,1.5,921,150,2700
1372.045,56.2,54.9,3,1.5,921,150,2700
1373.594,56.95,54.39,3,1.5,921,150,2700
1375.143,57.3,54.64,3,1.5,921,150,2700
1376.693,57.08,54.13,3,1.5,921,150,2700
1378.243,56.91,54.82,3,1.5,921,150,2700
1379.792,56.73,53.7,3,1.5,921,150,2700
1381.341,57.88,53.79,3,1.5,921,150,2700
1382.891,57.88,55.51,3,1.5,921,150,2700
1384.44,57.26,54.39,3,1.5,921,150,2700
1385.99,57.61,54.13,3,1.5,921,150,2700
1387.539,57.17,54.51,3,1.5,921,150,2700
1389.089,57.44,54.39,3,1.5,921,150,2700
1390.638,57.97,54.13,3,1.5,921,150,2700
1392.187,57.3,54.04,3,1.5,921,150,2700
1393.736,57.26,53.79,3,1.5,921,150,2700
1395.286,57.88,54.64,3,1.5,921,150,2700
1396.835,57.44,54.73,3,1.5,921,150,2700
1398.384,57.17,54.13,3,1.5,921,150,2700
1399.934,57.52,54.13,3,1.5,921,150,2700
1401.484,56.29,54.3,3,1.5,921,150,2700
1403.033,57.52,54.86,3,1.5,921,150,2700
1404.583,57.79,55.2,3,1.5,921,150,2700
1406.134,57.61,54.47,3,1.5,921,150,2700
1407.683,58.24,54.04,3,1.5,921,150,2700
1409.232,56.82,53.7,3,1.5,921,150,2700
1410.782,57.26,54.82,3,1.5,921,150,2700
1412.332,58.59,54.73,3,1.5,921,150,2700
1413.881,57.17,54.21,3,1.5,921,150,2700
1415.431,56.12,53.96,3,1.5,921,150,2700
1416.982,57.52,54.86,3,1.5,921,150,2700
1418.531,57.26,54.47,3,1.5,921,150,2700
1420.08,57.97,54.73,3,1.5,921,150,2700
1421.63,55.85,55.2,3,1.5,921,150,2700
1423.179,57.26,54.13,3,1.5,921,150,2700
1424.728,57.61,54.82,3,1.5,921,150,2700
1426.277,57.35,54.73,3,1.5,921,150,2700
1427.827,58.24,53.96,3,1.5,921,150,2700
1429.377,56.6,54.82,3,1.5,921,150,2700
1430.926,56.91,54.99,3,1.5,921,150,2700
1432.477,57.44,53.79,3,1.5,921,150,2700
1434.026,56.91,54.17,3,1.5,921,150,2700
1435.576,57.3,54.73,3,1.5,921,150,2700
1437.125,57.17,54.9,3,1.5,921,150,2700
1438.676,57.66,54.39,3,1.5,921,150,2700
1440.226,56.91,54.3,3,1.5,921,150,2700
1441.775,57.26,54.13,3,1.5,921,150,2700
1443.325,57.26,56.2,3,1.5,921,150,2700
1444.874,57.17,55.33,3,1.5,921,150,2700
1446.424,56.91,54.64,3,1.5,921,150,2700
1447.973,57.61,55.07,3,1.5,921,150,2700
1449.523,57.97,54.99,3,1.5,921,150,2700
1451.072,57.08,55.51,3,1.5,921,150,2700
1452.621,57.26,54.73,3,1.5,921,150,2700
1454.171,57.26,54.73,3,1.5,921,150,2700
1455.72,57.3,54.13,3,1.5,921,150,2700
1457.269,56.91,54.51,3,1.5,921,150,2700
1458.818,56.91,54.64,3,1.5,921,150,2700
1460.368,57.52,55.2,3,1.5,921,150,2700
1461.917,57.26,54.69,3,1.5,921,150,2700
1463.467,57.17,55.07,3,1.5,921,150,2700
1465.016,57.17,54.82,3,1.5,921,150,2700
1466.567,56.95,54.13,3,1.5,921,150,2700
1468.116,56.55,54.64,3,1.5,921,150,2700
1469.665,57.17,55.2,3,1.5,921,150,2700
1471.215,57.17,54.13,3,1.5,921,150,2700
1472.765,56.82,55.59,3,1.5,921,150,2700
1474.314,56.91,56.29,3,1.5,921,150,2700
1475.863,56.29,54.99,3,1.5,921,150,2700
1477.413,56.47,55.07,3,1.5,921,150,2700
1478.963,57.79,55.07,3,1.5,921,150,2700
1480.513,57.61,54.99,3,1.5,921,150,2700
1482.063,56.55,54.47,3,1.5,921,150,2700
1483.612,57.26,54.64,3,1.5,921,150,2700
1485.162,58.95,55.42,3,1.5,921,150,2700
1486.711,56.82,55.59,3,1.5,921,150,2700
1488.261,56.82,54.9,3,1.5,921,150,2700
1489.811,57.44,54.82,3,1.5,921,150,2700
1491.36,57.26,55.42,3,1.5,921,150,2700
1492.91,57.79,56.47,3,1.5,921,150,2700
1494.459,57.17,55.77,3,1.5,921,150,2700
1496.008,57.3,55.55,3,1.5,921,150,2700
1497.557,57.17,55.85,3,1.5,921,150,2700
1499.107,57.66,56.73,3,1.5,921,150,2700
1500.656,57.26,54.47,3,1.5,921,150,2700
1502.206,56.99,55.2,3,1.5,921,150,2700
1503.756,57.26,55.2,3,1.5,921,150,2700
1505.306,57.97,55.94,3,1.5,921,150,2700
1506.855,57.52,54.99,3,1.5,921,150,2700
1508.404,57.88,54.73,3,1.5,921,150,2700
1509.954,59.09,56.12,3,1.5,921,150,2700
1511.503,58.24,55.2,3,1.5,921,150,2700
1513.052,56.2,54.64,3,1.5,921,150,2700
1514.601,57.3,56.12,3,1.5,921,150,2700
1516.151,57.52,55.51,3,1.5,921,150,2700
1517.7,57.3,55.42,3,1.5,921,150,2700
1519.249,56.91,55.07,3,1.5,921,150,2700
1520.799,58.24,56.95,3,1.5,921,150,2700
1522.349,56.91,56.12,3,1.5,921,150,2700
1523.898,57.26,55.33,3,1.5,921,150,2700
1525.448,57.61,55.77,3,1.5,921,150,2700
1526.998,56.6,56.47,3,1.5,921,150,2700
1528.547,58.01,56.38,3,1.5,921,150,2700
1530.096,56.91,56.47,3,1.5,921,150,2700
1531.647,56.6,55.42,3,1.5,921,150,2700
1533.197,57.61,55.42,3,1.5,921,150,2700
1534.747,57.17,55.59,3,1.5,921,150,2700
1536.297,58.01,56.6,3,1.5,921,150,2700
1537.847,57.52,55.33,3,1.5,921,150,2700
1539.396,57.08,56.47,3,1.5,921,150,2700
1540.945,56.91,54.82,3,1.5,921,150,2700
1542.495,57.44,55.85,3,1.5,921,150,2700
1544.044,57.3,55.42,3,1.5,921,150,2700
1545.593,57.97,55.77,3,1.5,921,150,2700
1547.142,57.17,56.2,3,1.5,921,150,2700
1548.692,57.17,55.2,3,1.5,921,150,2700
1550.241,57.44,56.38,3,1.5,921,150,2700
1551.79,57.26,55.51,3,1.5,921,150,2700
1553.339,56.82,55.42,3,1.5,921,150,2700
1554.89,56.95,55.42,3,1.5,921,150,2700
1556.439,57.26,55.42,3,1.5,921,150,2700
1557.989,57.17,53.36,3,1.5,921,150,2700
1559.539,58.01,54.73,3,1.5,921,150,2700
1561.088,57.61,55.68,3,1.5,921,150,2700
1562.637,56.91,56.12,3,1.5,921,150,2700
1564.186,57.26,55.85,3,1.5,921,150,2700
1565.736,57.35,53.36,3,1.5,921,150,2700
1567.285,57.26,56.6,3,1.5,921,150,2700
1568.834,57.79,56.38,3,1.5,921,150,2700
1570.383,57.97,56.47,3,1.5,921,150,2700
1571.933,57.88,55.42,3,1.5,921,150,2700
1573.482,57.52,55.42,3,1.5,921,150,2700
1575.032,56.6,55.42,3,1.5,921,150,2700
1576.583,57.26,55.94,3,1.5,921,150,2700
1578.133,57.26,55.42,3,1.5,921,150,2700
1579.682,57.44,55.16,3,1.5,921,150,2700
1581.232,57.17,56.03,3,1.5,921,150,2700
1582.781,57.66,54.51,3,1.5,921,150,2700
1584.33,58.01,55.94,3,1.5,921,150,2700
1585.879,57.97,55.55,3,1.5,921,150,2700
1587.429,57.79,55.16,3,1.5,921,150,2700
1588.978,56.29,54.73,3,1.5,921,150,2700
1590.527,57.44,55.94,3,1.5,921,150,2700
1592.076,57.26,56.38,3,1.5,921,150,2700
1593.626,57.26,55.16,3,1.5,921,150,2700
1595.176,56.47,56.47,3,1.5,921,150,2700
1596.725,57.26,55.42,3,1.5,921,150,2700
1598.275,56.91,56.16,3,1.5,921,150,2700
1599.824,57.79,55.55,3,1.5,921,150,2700
1601.373,57.52,56.2,3,1.5,921,150,2700
1602.922,56.82,54.99,3,1.5,921,150,2700
1604.472,57.52,54.82,3,1.5,921,150,2700
1606.021,58.24,54.47,3,1.5,921,150,2700
1607.571,57.52,55.85,3,1.5,921,150,2700
1609.12,58.01,56.03,3,1.5,921,150,2700
1610.67,57.26,56.38,3,1.5,921,150,2700
1612.219,58.37,56.29,3,1.5,921,150,2700
1613.768,57.26,56.2,3,1.5,921,150,2700
1615.318,57.44,56.55,3,1.5,921,150,2700
1616.867,57.44,55.85,3,1.5,921,150,2700
1618.416,58.01,54.73,3,1.5,921,150,2700
1619.966,57.08,55.85,3,1.5,921,150,2700
1621.517,57.97,55.33,3,1.5,921,150,2700
1623.066,57.88,55.85,3,1.5,921,150,2700
1624.615,56.91,56.99,3,1.5,921,150,2700
1626.165,57.52,55.85,3,1.5,921,150,2700
1627.714,57.61,55.42,3,1.5,921,150,2700
1629.264,56.55,56.38,3,1.5,921,150,2700
1630.813,56.47,55.77,3,1.5,921,150,2700
1632.364,57.08,56.12,3,1.5,921,150,2700
1633.914,57.08,56.2,3,1.5,921,150,2700
1635.463,56.2,55.68,3,1.5,921,150,2700
1637.013,58.37,55.55,3,1.5,921,150,2700
1638.562,57.44,56.73,3,1.5,921,150,2700
1640.111,57.17,55.77,3,1.5,921,150,2700
1641.66,56.38,57.79,3,1.5,921,150,2700
1643.211,56.99,56.38,3,1.5,921,150,2700
1644.761,56.95,55.9,3,1.5,921,150,2700
1646.31,60.18,55.42,3,1.5,921,150,2700
1647.86,57.61,55.94,3,1.5,921,150,2700
1649.41,57.26,56.2,3,1.5,921,150,2700
1650.959,57.52,56.03,3,1.5,921,150,2700
1652.509,56.73,56.25,3,1.5,921,150,2700
